case_id,set_id,author_ids,author_names
2,1,"[365, 98]","Henry Rider Haggard,Wilkie Collins"
2,2,"[8949, 73]","James Grant,Frances Hodgson Burnett"
2,3,"[69, 593]","Arthur Conan Doyle,Bret Harte"
2,4,"[260, 1321]","Oliver Optic,Marie Corelli"
2,5,"[260, 30]","Oliver Optic,H.G. Wells"
2,6,"[593, 98]","Bret Harte,Wilkie Collins"
2,7,"[260, 324]","Oliver Optic,Anthony Trollope"
2,8,"[69, 979]","Arthur Conan Doyle,John Kendrick Bangs"
2,9,"[102, 1177]","Louisa May Alcott,Mrs Henry Wood"
2,10,"[73, 1177]","Frances Hodgson Burnett,Mrs Henry Wood"
2,11,"[30, 98]","H.G. Wells,Wilkie Collins"
2,12,"[2957, 30]","Mary Elizabeth Braddon,H.G. Wells"
2,13,"[28, 324]","Nathaniel Hawthorne,Anthony Trollope"
2,14,"[260, 30]","Oliver Optic,H.G. Wells"
2,15,"[365, 1321]","Henry Rider Haggard,Marie Corelli"
2,16,"[2957, 28]","Mary Elizabeth Braddon,Nathaniel Hawthorne"
2,17,"[102, 53]","Louisa May Alcott,Mark Twain"
2,18,"[28, 324]","Nathaniel Hawthorne,Anthony Trollope"
2,19,"[30, 365]","H.G. Wells,Henry Rider Haggard"
2,20,"[8949, 2957]","James Grant,Mary Elizabeth Braddon"
2,21,"[30, 53]","H.G. Wells,Mark Twain"
2,22,"[2957, 69]","Mary Elizabeth Braddon,Arthur Conan Doyle"
2,23,"[1321, 324]","Marie Corelli,Anthony Trollope"
2,24,"[260, 1321]","Oliver Optic,Marie Corelli"
2,25,"[28, 593]","Nathaniel Hawthorne,Bret Harte"
2,26,"[1057, 8949]","Fergus Hume,James Grant"
2,27,"[30, 28]","H.G. Wells,Nathaniel Hawthorne"
2,28,"[979, 28]","John Kendrick Bangs,Nathaniel Hawthorne"
2,29,"[120, 963]","Jack London,Margaret Oliphant"
2,30,"[260, 125]","Oliver Optic,Joseph Conrad"
2,31,"[2957, 963]","Mary Elizabeth Braddon,Margaret Oliphant"
2,32,"[1057, 2957]","Fergus Hume,Mary Elizabeth Braddon"
2,33,"[120, 28]","Jack London,Nathaniel Hawthorne"
2,34,"[1177, 1057]","Mrs Henry Wood,Fergus Hume"
2,35,"[120, 53]","Jack London,Mark Twain"
2,36,"[1057, 593]","Fergus Hume,Bret Harte"
2,37,"[260, 98]","Oliver Optic,Wilkie Collins"
2,38,"[28, 365]","Nathaniel Hawthorne,Henry Rider Haggard"
2,39,"[260, 125]","Oliver Optic,Joseph Conrad"
2,40,"[53, 69]","Mark Twain,Arthur Conan Doyle"
2,41,"[593, 1321]","Bret Harte,Marie Corelli"
2,42,"[30, 125]","H.G. Wells,Joseph Conrad"
2,43,"[1177, 28]","Mrs Henry Wood,Nathaniel Hawthorne"
2,44,"[1057, 102]","Fergus Hume,Louisa May Alcott"
2,45,"[324, 73]","Anthony Trollope,Frances Hodgson Burnett"
2,46,"[2957, 98]","Mary Elizabeth Braddon,Wilkie Collins"
2,47,"[53, 1177]","Mark Twain,Mrs Henry Wood"
2,48,"[260, 102]","Oliver Optic,Louisa May Alcott"
2,49,"[593, 963]","Bret Harte,Margaret Oliphant"
2,50,"[260, 2957]","Oliver Optic,Mary Elizabeth Braddon"
4,1,"[324, 963, 1321, 1057]","Anthony Trollope,Margaret Oliphant,Marie Corelli,Fergus Hume"
4,2,"[30, 1057, 8949, 69]","H.G. Wells,Fergus Hume,James Grant,Arthur Conan Doyle"
4,3,"[8949, 1321, 69, 593]","James Grant,Marie Corelli,Arthur Conan Doyle,Bret Harte"
4,4,"[1177, 8949, 324, 365]","Mrs Henry Wood,James Grant,Anthony Trollope,Henry Rider Haggard"
4,5,"[1177, 324, 963, 30]","Mrs Henry Wood,Anthony Trollope,Margaret Oliphant,H.G. Wells"
4,6,"[98, 125, 73, 963]","Wilkie Collins,Joseph Conrad,Frances Hodgson Burnett,Margaret Oliphant"
4,7,"[98, 120, 102, 69]","Wilkie Collins,Jack London,Louisa May Alcott,Arthur Conan Doyle"
4,8,"[260, 1057, 365, 102]","Oliver Optic,Fergus Hume,Henry Rider Haggard,Louisa May Alcott"
4,9,"[2957, 102, 1321, 125]","Mary Elizabeth Braddon,Louisa May Alcott,Marie Corelli,Joseph Conrad"
4,10,"[979, 30, 963, 125]","John Kendrick Bangs,H.G. Wells,Margaret Oliphant,Joseph Conrad"
4,11,"[324, 73, 8949, 30]","Anthony Trollope,Frances Hodgson Burnett,James Grant,H.G. Wells"
4,12,"[102, 963, 2957, 98]","Louisa May Alcott,Margaret Oliphant,Mary Elizabeth Braddon,Wilkie Collins"
4,13,"[324, 1177, 53, 73]","Anthony Trollope,Mrs Henry Wood,Mark Twain,Frances Hodgson Burnett"
4,14,"[1057, 98, 365, 120]","Fergus Hume,Wilkie Collins,Henry Rider Haggard,Jack London"
4,15,"[1177, 73, 102, 365]","Mrs Henry Wood,Frances Hodgson Burnett,Louisa May Alcott,Henry Rider Haggard"
4,16,"[102, 260, 979, 8949]","Louisa May Alcott,Oliver Optic,John Kendrick Bangs,James Grant"
4,17,"[98, 8949, 2957, 593]","Wilkie Collins,James Grant,Mary Elizabeth Braddon,Bret Harte"
4,18,"[73, 120, 8949, 125]","Frances Hodgson Burnett,Jack London,James Grant,Joseph Conrad"
4,19,"[69, 979, 98, 324]","Arthur Conan Doyle,John Kendrick Bangs,Wilkie Collins,Anthony Trollope"
4,20,"[69, 593, 260, 1321]","Arthur Conan Doyle,Bret Harte,Oliver Optic,Marie Corelli"
4,21,"[979, 1321, 73, 365]","John Kendrick Bangs,Marie Corelli,Frances Hodgson Burnett,Henry Rider Haggard"
4,22,"[2957, 593, 102, 260]","Mary Elizabeth Braddon,Bret Harte,Louisa May Alcott,Oliver Optic"
4,23,"[260, 69, 28, 1321]","Oliver Optic,Arthur Conan Doyle,Nathaniel Hawthorne,Marie Corelli"
4,24,"[28, 30, 260, 102]","Nathaniel Hawthorne,H.G. Wells,Oliver Optic,Louisa May Alcott"
4,25,"[963, 2957, 98, 69]","Margaret Oliphant,Mary Elizabeth Braddon,Wilkie Collins,Arthur Conan Doyle"
4,26,"[1177, 365, 1057, 102]","Mrs Henry Wood,Henry Rider Haggard,Fergus Hume,Louisa May Alcott"
4,27,"[28, 1321, 2957, 8949]","Nathaniel Hawthorne,Marie Corelli,Mary Elizabeth Braddon,James Grant"
4,28,"[69, 324, 28, 30]","Arthur Conan Doyle,Anthony Trollope,Nathaniel Hawthorne,H.G. Wells"
4,29,"[120, 1177, 979, 1057]","Jack London,Mrs Henry Wood,John Kendrick Bangs,Fergus Hume"
4,30,"[1321, 69, 28, 73]","Marie Corelli,Arthur Conan Doyle,Nathaniel Hawthorne,Frances Hodgson Burnett"
4,31,"[8949, 98, 260, 69]","James Grant,Wilkie Collins,Oliver Optic,Arthur Conan Doyle"
4,32,"[69, 979, 120, 324]","Arthur Conan Doyle,John Kendrick Bangs,Jack London,Anthony Trollope"
4,33,"[979, 120, 102, 28]","John Kendrick Bangs,Jack London,Louisa May Alcott,Nathaniel Hawthorne"
4,34,"[125, 8949, 260, 120]","Joseph Conrad,James Grant,Oliver Optic,Jack London"
4,35,"[324, 73, 260, 1177]","Anthony Trollope,Frances Hodgson Burnett,Oliver Optic,Mrs Henry Wood"
4,36,"[1177, 98, 365, 8949]","Mrs Henry Wood,Wilkie Collins,Henry Rider Haggard,James Grant"
4,37,"[1321, 1057, 2957, 963]","Marie Corelli,Fergus Hume,Mary Elizabeth Braddon,Margaret Oliphant"
4,38,"[324, 30, 1321, 120]","Anthony Trollope,H.G. Wells,Marie Corelli,Jack London"
4,39,"[120, 125, 28, 30]","Jack London,Joseph Conrad,Nathaniel Hawthorne,H.G. Wells"
4,40,"[1177, 125, 1057, 102]","Mrs Henry Wood,Joseph Conrad,Fergus Hume,Louisa May Alcott"
4,41,"[2957, 28, 120, 260]","Mary Elizabeth Braddon,Nathaniel Hawthorne,Jack London,Oliver Optic"
4,42,"[963, 2957, 1321, 593]","Margaret Oliphant,Mary Elizabeth Braddon,Marie Corelli,Bret Harte"
4,43,"[102, 365, 98, 1177]","Louisa May Alcott,Henry Rider Haggard,Wilkie Collins,Mrs Henry Wood"
4,44,"[324, 69, 1321, 120]","Anthony Trollope,Arthur Conan Doyle,Marie Corelli,Jack London"
4,45,"[102, 2957, 365, 1177]","Louisa May Alcott,Mary Elizabeth Braddon,Henry Rider Haggard,Mrs Henry Wood"
4,46,"[125, 1177, 1321, 98]","Joseph Conrad,Mrs Henry Wood,Marie Corelli,Wilkie Collins"
4,47,"[260, 979, 8949, 125]","Oliver Optic,John Kendrick Bangs,James Grant,Joseph Conrad"
4,48,"[102, 365, 593, 28]","Louisa May Alcott,Henry Rider Haggard,Bret Harte,Nathaniel Hawthorne"
4,49,"[1057, 1177, 963, 324]","Fergus Hume,Mrs Henry Wood,Margaret Oliphant,Anthony Trollope"
4,50,"[8949, 324, 365, 593]","James Grant,Anthony Trollope,Henry Rider Haggard,Bret Harte"
6,1,"[2957, 98, 1057, 69, 28, 1321]","Mary Elizabeth Braddon,Wilkie Collins,Fergus Hume,Arthur Conan Doyle,Nathaniel Hawthorne,Marie Corelli"
6,2,"[125, 102, 28, 8949, 1057, 1321]","Joseph Conrad,Louisa May Alcott,Nathaniel Hawthorne,James Grant,Fergus Hume,Marie Corelli"
6,3,"[53, 593, 8949, 125, 2957, 365]","Mark Twain,Bret Harte,James Grant,Joseph Conrad,Mary Elizabeth Braddon,Henry Rider Haggard"
6,4,"[69, 963, 1177, 8949, 593, 30]","Arthur Conan Doyle,Margaret Oliphant,Mrs Henry Wood,James Grant,Bret Harte,H.G. Wells"
6,5,"[365, 98, 30, 1321, 260, 102]","Henry Rider Haggard,Wilkie Collins,H.G. Wells,Marie Corelli,Oliver Optic,Louisa May Alcott"
6,6,"[963, 120, 1321, 593, 260, 1177]","Margaret Oliphant,Jack London,Marie Corelli,Bret Harte,Oliver Optic,Mrs Henry Wood"
6,7,"[73, 1321, 120, 365, 69, 324]","Frances Hodgson Burnett,Marie Corelli,Jack London,Henry Rider Haggard,Arthur Conan Doyle,Anthony Trollope"
6,8,"[8949, 53, 30, 2957, 125, 324]","James Grant,Mark Twain,H.G. Wells,Mary Elizabeth Braddon,Joseph Conrad,Anthony Trollope"
6,9,"[979, 1057, 963, 102, 125, 1177]","John Kendrick Bangs,Fergus Hume,Margaret Oliphant,Louisa May Alcott,Joseph Conrad,Mrs Henry Wood"
6,10,"[324, 28, 979, 1321, 1177, 69]","Anthony Trollope,Nathaniel Hawthorne,John Kendrick Bangs,Marie Corelli,Mrs Henry Wood,Arthur Conan Doyle"
6,11,"[260, 30, 53, 28, 365, 102]","Oliver Optic,H.G. Wells,Mark Twain,Nathaniel Hawthorne,Henry Rider Haggard,Louisa May Alcott"
6,12,"[1321, 2957, 1057, 979, 120, 1177]","Marie Corelli,Mary Elizabeth Braddon,Fergus Hume,John Kendrick Bangs,Jack London,Mrs Henry Wood"
6,13,"[69, 125, 1177, 98, 73, 979]","Arthur Conan Doyle,Joseph Conrad,Mrs Henry Wood,Wilkie Collins,Frances Hodgson Burnett,John Kendrick Bangs"
6,14,"[98, 2957, 125, 365, 260, 324]","Wilkie Collins,Mary Elizabeth Braddon,Joseph Conrad,Henry Rider Haggard,Oliver Optic,Anthony Trollope"
6,15,"[2957, 73, 120, 28, 979, 30]","Mary Elizabeth Braddon,Frances Hodgson Burnett,Jack London,Nathaniel Hawthorne,John Kendrick Bangs,H.G. Wells"
6,16,"[8949, 979, 125, 593, 324, 1177]","James Grant,John Kendrick Bangs,Joseph Conrad,Bret Harte,Anthony Trollope,Mrs Henry Wood"
6,17,"[73, 125, 1177, 28, 979, 1321]","Frances Hodgson Burnett,Joseph Conrad,Mrs Henry Wood,Nathaniel Hawthorne,John Kendrick Bangs,Marie Corelli"
6,18,"[73, 979, 260, 98, 120, 365]","Frances Hodgson Burnett,John Kendrick Bangs,Oliver Optic,Wilkie Collins,Jack London,Henry Rider Haggard"
6,19,"[98, 260, 30, 125, 1057, 2957]","Wilkie Collins,Oliver Optic,H.G. Wells,Joseph Conrad,Fergus Hume,Mary Elizabeth Braddon"
6,20,"[30, 2957, 120, 365, 1321, 73]","H.G. Wells,Mary Elizabeth Braddon,Jack London,Henry Rider Haggard,Marie Corelli,Frances Hodgson Burnett"
6,21,"[125, 30, 1057, 1177, 979, 963]","Joseph Conrad,H.G. Wells,Fergus Hume,Mrs Henry Wood,John Kendrick Bangs,Margaret Oliphant"
6,22,"[28, 30, 365, 260, 1057, 125]","Nathaniel Hawthorne,H.G. Wells,Henry Rider Haggard,Oliver Optic,Fergus Hume,Joseph Conrad"
6,23,"[69, 125, 102, 593, 98, 73]","Arthur Conan Doyle,Joseph Conrad,Louisa May Alcott,Bret Harte,Wilkie Collins,Frances Hodgson Burnett"
6,24,"[98, 365, 1057, 593, 30, 260]","Wilkie Collins,Henry Rider Haggard,Fergus Hume,Bret Harte,H.G. Wells,Oliver Optic"
6,25,"[28, 1057, 69, 324, 1177, 30]","Nathaniel Hawthorne,Fergus Hume,Arthur Conan Doyle,Anthony Trollope,Mrs Henry Wood,H.G. Wells"
6,26,"[73, 365, 53, 28, 69, 1321]","Frances Hodgson Burnett,Henry Rider Haggard,Mark Twain,Nathaniel Hawthorne,Arthur Conan Doyle,Marie Corelli"
6,27,"[98, 593, 73, 69, 260, 28]","Wilkie Collins,Bret Harte,Frances Hodgson Burnett,Arthur Conan Doyle,Oliver Optic,Nathaniel Hawthorne"
6,28,"[1321, 1057, 30, 2957, 98, 979]","Marie Corelli,Fergus Hume,H.G. Wells,Mary Elizabeth Braddon,Wilkie Collins,John Kendrick Bangs"
6,29,"[73, 69, 593, 260, 98, 102]","Frances Hodgson Burnett,Arthur Conan Doyle,Bret Harte,Oliver Optic,Wilkie Collins,Louisa May Alcott"
6,30,"[365, 1321, 125, 120, 69, 1057]","Henry Rider Haggard,Marie Corelli,Joseph Conrad,Jack London,Arthur Conan Doyle,Fergus Hume"
6,31,"[963, 28, 102, 260, 53, 979]","Margaret Oliphant,Nathaniel Hawthorne,Louisa May Alcott,Oliver Optic,Mark Twain,John Kendrick Bangs"
6,32,"[365, 73, 98, 2957, 69, 53]","Henry Rider Haggard,Frances Hodgson Burnett,Wilkie Collins,Mary Elizabeth Braddon,Arthur Conan Doyle,Mark Twain"
6,33,"[98, 69, 963, 120, 28, 102]","Wilkie Collins,Arthur Conan Doyle,Margaret Oliphant,Jack London,Nathaniel Hawthorne,Louisa May Alcott"
6,34,"[125, 324, 73, 365, 979, 1321]","Joseph Conrad,Anthony Trollope,Frances Hodgson Burnett,Henry Rider Haggard,John Kendrick Bangs,Marie Corelli"
6,35,"[365, 73, 593, 1057, 69, 125]","Henry Rider Haggard,Frances Hodgson Burnett,Bret Harte,Fergus Hume,Arthur Conan Doyle,Joseph Conrad"
6,36,"[98, 53, 1321, 102, 8949, 963]","Wilkie Collins,Mark Twain,Marie Corelli,Louisa May Alcott,James Grant,Margaret Oliphant"
6,37,"[260, 69, 2957, 30, 73, 1321]","Oliver Optic,Arthur Conan Doyle,Mary Elizabeth Braddon,H.G. Wells,Frances Hodgson Burnett,Marie Corelli"
6,38,"[30, 69, 120, 963, 324, 365]","H.G. Wells,Arthur Conan Doyle,Jack London,Margaret Oliphant,Anthony Trollope,Henry Rider Haggard"
6,39,"[979, 8949, 120, 1321, 53, 963]","John Kendrick Bangs,James Grant,Jack London,Marie Corelli,Mark Twain,Margaret Oliphant"
6,40,"[963, 1177, 593, 365, 28, 979]","Margaret Oliphant,Mrs Henry Wood,Bret Harte,Henry Rider Haggard,Nathaniel Hawthorne,John Kendrick Bangs"
6,41,"[28, 979, 102, 1177, 53, 1057]","Nathaniel Hawthorne,John Kendrick Bangs,Louisa May Alcott,Mrs Henry Wood,Mark Twain,Fergus Hume"
6,42,"[28, 53, 1321, 324, 125, 73]","Nathaniel Hawthorne,Mark Twain,Marie Corelli,Anthony Trollope,Joseph Conrad,Frances Hodgson Burnett"
6,43,"[102, 1177, 73, 260, 28, 53]","Louisa May Alcott,Mrs Henry Wood,Frances Hodgson Burnett,Oliver Optic,Nathaniel Hawthorne,Mark Twain"
6,44,"[120, 125, 979, 1321, 8949, 593]","Jack London,Joseph Conrad,John Kendrick Bangs,Marie Corelli,James Grant,Bret Harte"
6,45,"[979, 1321, 120, 98, 53, 2957]","John Kendrick Bangs,Marie Corelli,Jack London,Wilkie Collins,Mark Twain,Mary Elizabeth Braddon"
6,46,"[2957, 69, 125, 1321, 8949, 120]","Mary Elizabeth Braddon,Arthur Conan Doyle,Joseph Conrad,Marie Corelli,James Grant,Jack London"
6,47,"[1057, 69, 30, 125, 1177, 593]","Fergus Hume,Arthur Conan Doyle,H.G. Wells,Joseph Conrad,Mrs Henry Wood,Bret Harte"
6,48,"[69, 53, 260, 8949, 1057, 30]","Arthur Conan Doyle,Mark Twain,Oliver Optic,James Grant,Fergus Hume,H.G. Wells"
6,49,"[593, 120, 1321, 28, 260, 979]","Bret Harte,Jack London,Marie Corelli,Nathaniel Hawthorne,Oliver Optic,John Kendrick Bangs"
6,50,"[98, 1057, 979, 2957, 73, 120]","Wilkie Collins,Fergus Hume,John Kendrick Bangs,Mary Elizabeth Braddon,Frances Hodgson Burnett,Jack London"
8,1,"[73, 2957, 102, 365, 8949, 30, 260, 53]","Frances Hodgson Burnett,Mary Elizabeth Braddon,Louisa May Alcott,Henry Rider Haggard,James Grant,H.G. Wells,Oliver Optic,Mark Twain"
8,2,"[125, 120, 2957, 28, 324, 30, 98, 8949]","Joseph Conrad,Jack London,Mary Elizabeth Braddon,Nathaniel Hawthorne,Anthony Trollope,H.G. Wells,Wilkie Collins,James Grant"
8,3,"[1321, 102, 69, 2957, 365, 979, 120, 30]","Marie Corelli,Louisa May Alcott,Arthur Conan Doyle,Mary Elizabeth Braddon,Henry Rider Haggard,John Kendrick Bangs,Jack London,H.G. Wells"
8,4,"[365, 2957, 593, 125, 8949, 1057, 53, 98]","Henry Rider Haggard,Mary Elizabeth Braddon,Bret Harte,Joseph Conrad,James Grant,Fergus Hume,Mark Twain,Wilkie Collins"
8,5,"[260, 73, 102, 593, 324, 30, 1057, 1321]","Oliver Optic,Frances Hodgson Burnett,Louisa May Alcott,Bret Harte,Anthony Trollope,H.G. Wells,Fergus Hume,Marie Corelli"
8,6,"[260, 979, 324, 593, 98, 53, 8949, 1177]","Oliver Optic,John Kendrick Bangs,Anthony Trollope,Bret Harte,Wilkie Collins,Mark Twain,James Grant,Mrs Henry Wood"
8,7,"[593, 1057, 73, 125, 979, 324, 8949, 28]","Bret Harte,Fergus Hume,Frances Hodgson Burnett,Joseph Conrad,John Kendrick Bangs,Anthony Trollope,James Grant,Nathaniel Hawthorne"
8,8,"[1321, 28, 125, 979, 2957, 365, 53, 1177]","Marie Corelli,Nathaniel Hawthorne,Joseph Conrad,John Kendrick Bangs,Mary Elizabeth Braddon,Henry Rider Haggard,Mark Twain,Mrs Henry Wood"
8,9,"[1177, 260, 120, 1057, 102, 98, 28, 1321]","Mrs Henry Wood,Oliver Optic,Jack London,Fergus Hume,Louisa May Alcott,Wilkie Collins,Nathaniel Hawthorne,Marie Corelli"
8,10,"[98, 324, 53, 30, 1177, 963, 593, 73]","Wilkie Collins,Anthony Trollope,Mark Twain,H.G. Wells,Mrs Henry Wood,Margaret Oliphant,Bret Harte,Frances Hodgson Burnett"
8,11,"[365, 1057, 28, 120, 98, 69, 593, 963]","Henry Rider Haggard,Fergus Hume,Nathaniel Hawthorne,Jack London,Wilkie Collins,Arthur Conan Doyle,Bret Harte,Margaret Oliphant"
8,12,"[2957, 1177, 979, 593, 8949, 365, 28, 102]","Mary Elizabeth Braddon,Mrs Henry Wood,John Kendrick Bangs,Bret Harte,James Grant,Henry Rider Haggard,Nathaniel Hawthorne,Louisa May Alcott"
8,13,"[1177, 1321, 1057, 30, 963, 28, 324, 365]","Mrs Henry Wood,Marie Corelli,Fergus Hume,H.G. Wells,Margaret Oliphant,Nathaniel Hawthorne,Anthony Trollope,Henry Rider Haggard"
8,14,"[120, 324, 102, 979, 69, 8949, 30, 963]","Jack London,Anthony Trollope,Louisa May Alcott,John Kendrick Bangs,Arthur Conan Doyle,James Grant,H.G. Wells,Margaret Oliphant"
8,15,"[1177, 125, 2957, 73, 102, 260, 98, 8949]","Mrs Henry Wood,Joseph Conrad,Mary Elizabeth Braddon,Frances Hodgson Burnett,Louisa May Alcott,Oliver Optic,Wilkie Collins,James Grant"
8,16,"[1057, 30, 1321, 2957, 98, 28, 125, 1177]","Fergus Hume,H.G. Wells,Marie Corelli,Mary Elizabeth Braddon,Wilkie Collins,Nathaniel Hawthorne,Joseph Conrad,Mrs Henry Wood"
8,17,"[2957, 8949, 53, 963, 1321, 1177, 69, 593]","Mary Elizabeth Braddon,James Grant,Mark Twain,Margaret Oliphant,Marie Corelli,Mrs Henry Wood,Arthur Conan Doyle,Bret Harte"
8,18,"[979, 120, 324, 125, 53, 365, 28, 98]","John Kendrick Bangs,Jack London,Anthony Trollope,Joseph Conrad,Mark Twain,Henry Rider Haggard,Nathaniel Hawthorne,Wilkie Collins"
8,19,"[53, 324, 979, 1057, 73, 8949, 30, 593]","Mark Twain,Anthony Trollope,John Kendrick Bangs,Fergus Hume,Frances Hodgson Burnett,James Grant,H.G. Wells,Bret Harte"
8,20,"[2957, 324, 1177, 73, 120, 69, 30, 28]","Mary Elizabeth Braddon,Anthony Trollope,Mrs Henry Wood,Frances Hodgson Burnett,Jack London,Arthur Conan Doyle,H.G. Wells,Nathaniel Hawthorne"
8,21,"[102, 1321, 963, 365, 324, 120, 2957, 260]","Louisa May Alcott,Marie Corelli,Margaret Oliphant,Henry Rider Haggard,Anthony Trollope,Jack London,Mary Elizabeth Braddon,Oliver Optic"
8,22,"[1321, 8949, 28, 324, 53, 98, 30, 73]","Marie Corelli,James Grant,Nathaniel Hawthorne,Anthony Trollope,Mark Twain,Wilkie Collins,H.G. Wells,Frances Hodgson Burnett"
8,23,"[260, 102, 324, 53, 125, 963, 593, 1057]","Oliver Optic,Louisa May Alcott,Anthony Trollope,Mark Twain,Joseph Conrad,Margaret Oliphant,Bret Harte,Fergus Hume"
8,24,"[69, 120, 324, 979, 1321, 53, 73, 260]","Arthur Conan Doyle,Jack London,Anthony Trollope,John Kendrick Bangs,Marie Corelli,Mark Twain,Frances Hodgson Burnett,Oliver Optic"
8,25,"[593, 1057, 1321, 28, 2957, 69, 120, 365]","Bret Harte,Fergus Hume,Marie Corelli,Nathaniel Hawthorne,Mary Elizabeth Braddon,Arthur Conan Doyle,Jack London,Henry Rider Haggard"
8,26,"[2957, 69, 8949, 1321, 53, 102, 260, 365]","Mary Elizabeth Braddon,Arthur Conan Doyle,James Grant,Marie Corelli,Mark Twain,Louisa May Alcott,Oliver Optic,Henry Rider Haggard"
8,27,"[365, 69, 28, 963, 979, 2957, 53, 260]","Henry Rider Haggard,Arthur Conan Doyle,Nathaniel Hawthorne,Margaret Oliphant,John Kendrick Bangs,Mary Elizabeth Braddon,Mark Twain,Oliver Optic"
8,28,"[1177, 979, 8949, 1057, 365, 120, 125, 73]","Mrs Henry Wood,John Kendrick Bangs,James Grant,Fergus Hume,Henry Rider Haggard,Jack London,Joseph Conrad,Frances Hodgson Burnett"
8,29,"[1177, 69, 53, 8949, 324, 260, 28, 2957]","Mrs Henry Wood,Arthur Conan Doyle,Mark Twain,James Grant,Anthony Trollope,Oliver Optic,Nathaniel Hawthorne,Mary Elizabeth Braddon"
8,30,"[73, 120, 1321, 324, 979, 8949, 53, 28]","Frances Hodgson Burnett,Jack London,Marie Corelli,Anthony Trollope,John Kendrick Bangs,James Grant,Mark Twain,Nathaniel Hawthorne"
8,31,"[979, 2957, 260, 365, 30, 69, 8949, 98]","John Kendrick Bangs,Mary Elizabeth Braddon,Oliver Optic,Henry Rider Haggard,H.G. Wells,Arthur Conan Doyle,James Grant,Wilkie Collins"
8,32,"[98, 30, 324, 125, 365, 593, 1057, 1177]","Wilkie Collins,H.G. Wells,Anthony Trollope,Joseph Conrad,Henry Rider Haggard,Bret Harte,Fergus Hume,Mrs Henry Wood"
8,33,"[73, 120, 69, 28, 125, 365, 102, 53]","Frances Hodgson Burnett,Jack London,Arthur Conan Doyle,Nathaniel Hawthorne,Joseph Conrad,Henry Rider Haggard,Louisa May Alcott,Mark Twain"
8,34,"[125, 593, 2957, 963, 98, 30, 73, 120]","Joseph Conrad,Bret Harte,Mary Elizabeth Braddon,Margaret Oliphant,Wilkie Collins,H.G. Wells,Frances Hodgson Burnett,Jack London"
8,35,"[593, 30, 28, 979, 53, 1177, 8949, 120]","Bret Harte,H.G. Wells,Nathaniel Hawthorne,John Kendrick Bangs,Mark Twain,Mrs Henry Wood,James Grant,Jack London"
8,36,"[69, 365, 125, 53, 963, 102, 120, 8949]","Arthur Conan Doyle,Henry Rider Haggard,Joseph Conrad,Mark Twain,Margaret Oliphant,Louisa May Alcott,Jack London,James Grant"
8,37,"[2957, 125, 593, 1321, 98, 120, 979, 53]","Mary Elizabeth Braddon,Joseph Conrad,Bret Harte,Marie Corelli,Wilkie Collins,Jack London,John Kendrick Bangs,Mark Twain"
8,38,"[28, 1057, 979, 30, 69, 963, 2957, 324]","Nathaniel Hawthorne,Fergus Hume,John Kendrick Bangs,H.G. Wells,Arthur Conan Doyle,Margaret Oliphant,Mary Elizabeth Braddon,Anthony Trollope"
8,39,"[260, 979, 593, 53, 1177, 98, 102, 30]","Oliver Optic,John Kendrick Bangs,Bret Harte,Mark Twain,Mrs Henry Wood,Wilkie Collins,Louisa May Alcott,H.G. Wells"
8,40,"[28, 260, 593, 1321, 979, 1057, 102, 125]","Nathaniel Hawthorne,Oliver Optic,Bret Harte,Marie Corelli,John Kendrick Bangs,Fergus Hume,Louisa May Alcott,Joseph Conrad"
8,41,"[73, 28, 8949, 1321, 1057, 102, 53, 120]","Frances Hodgson Burnett,Nathaniel Hawthorne,James Grant,Marie Corelli,Fergus Hume,Louisa May Alcott,Mark Twain,Jack London"
8,42,"[979, 1321, 125, 593, 69, 1057, 963, 73]","John Kendrick Bangs,Marie Corelli,Joseph Conrad,Bret Harte,Arthur Conan Doyle,Fergus Hume,Margaret Oliphant,Frances Hodgson Burnett"
8,43,"[8949, 69, 593, 98, 1057, 1321, 102, 979]","James Grant,Arthur Conan Doyle,Bret Harte,Wilkie Collins,Fergus Hume,Marie Corelli,Louisa May Alcott,John Kendrick Bangs"
8,44,"[28, 98, 593, 53, 979, 120, 260, 125]","Nathaniel Hawthorne,Wilkie Collins,Bret Harte,Mark Twain,John Kendrick Bangs,Jack London,Oliver Optic,Joseph Conrad"
8,45,"[963, 102, 365, 120, 593, 979, 69, 1057]","Margaret Oliphant,Louisa May Alcott,Henry Rider Haggard,Jack London,Bret Harte,John Kendrick Bangs,Arthur Conan Doyle,Fergus Hume"
8,46,"[979, 963, 1321, 120, 53, 260, 28, 30]","John Kendrick Bangs,Margaret Oliphant,Marie Corelli,Jack London,Mark Twain,Oliver Optic,Nathaniel Hawthorne,H.G. Wells"
8,47,"[73, 30, 1321, 963, 324, 69, 979, 98]","Frances Hodgson Burnett,H.G. Wells,Marie Corelli,Margaret Oliphant,Anthony Trollope,Arthur Conan Doyle,John Kendrick Bangs,Wilkie Collins"
8,48,"[98, 979, 120, 963, 69, 73, 2957, 102]","Wilkie Collins,John Kendrick Bangs,Jack London,Margaret Oliphant,Arthur Conan Doyle,Frances Hodgson Burnett,Mary Elizabeth Braddon,Louisa May Alcott"
8,49,"[30, 1321, 73, 28, 1057, 365, 324, 8949]","H.G. Wells,Marie Corelli,Frances Hodgson Burnett,Nathaniel Hawthorne,Fergus Hume,Henry Rider Haggard,Anthony Trollope,James Grant"
8,50,"[53, 8949, 979, 98, 1057, 73, 1321, 365]","Mark Twain,James Grant,John Kendrick Bangs,Wilkie Collins,Fergus Hume,Frances Hodgson Burnett,Marie Corelli,Henry Rider Haggard"
10,1,"[2957, 8949, 979, 73, 125, 324, 98, 28, 120, 365]","Mary Elizabeth Braddon,James Grant,John Kendrick Bangs,Frances Hodgson Burnett,Joseph Conrad,Anthony Trollope,Wilkie Collins,Nathaniel Hawthorne,Jack London,Henry Rider Haggard"
10,2,"[73, 260, 102, 98, 1177, 324, 8949, 593, 30, 69]","Frances Hodgson Burnett,Oliver Optic,Louisa May Alcott,Wilkie Collins,Mrs Henry Wood,Anthony Trollope,James Grant,Bret Harte,H.G. Wells,Arthur Conan Doyle"
10,3,"[260, 125, 979, 1057, 120, 69, 1321, 73, 1177, 102]","Oliver Optic,Joseph Conrad,John Kendrick Bangs,Fergus Hume,Jack London,Arthur Conan Doyle,Marie Corelli,Frances Hodgson Burnett,Mrs Henry Wood,Louisa May Alcott"
10,4,"[2957, 1177, 98, 69, 28, 1321, 8949, 260, 120, 1057]","Mary Elizabeth Braddon,Mrs Henry Wood,Wilkie Collins,Arthur Conan Doyle,Nathaniel Hawthorne,Marie Corelli,James Grant,Oliver Optic,Jack London,Fergus Hume"
10,5,"[69, 1321, 979, 2957, 963, 98, 102, 324, 260, 120]","Arthur Conan Doyle,Marie Corelli,John Kendrick Bangs,Mary Elizabeth Braddon,Margaret Oliphant,Wilkie Collins,Louisa May Alcott,Anthony Trollope,Oliver Optic,Jack London"
10,6,"[73, 1057, 8949, 963, 593, 98, 324, 1177, 979, 30]","Frances Hodgson Burnett,Fergus Hume,James Grant,Margaret Oliphant,Bret Harte,Wilkie Collins,Anthony Trollope,Mrs Henry Wood,John Kendrick Bangs,H.G. Wells"
10,7,"[69, 53, 963, 365, 28, 125, 593, 324, 1057, 260]","Arthur Conan Doyle,Mark Twain,Margaret Oliphant,Henry Rider Haggard,Nathaniel Hawthorne,Joseph Conrad,Bret Harte,Anthony Trollope,Fergus Hume,Oliver Optic"
10,8,"[120, 125, 98, 102, 365, 963, 1177, 1321, 324, 69]","Jack London,Joseph Conrad,Wilkie Collins,Louisa May Alcott,Henry Rider Haggard,Margaret Oliphant,Mrs Henry Wood,Marie Corelli,Anthony Trollope,Arthur Conan Doyle"
10,9,"[120, 125, 365, 8949, 69, 102, 1321, 260, 1057, 28]","Jack London,Joseph Conrad,Henry Rider Haggard,James Grant,Arthur Conan Doyle,Louisa May Alcott,Marie Corelli,Oliver Optic,Fergus Hume,Nathaniel Hawthorne"
10,10,"[365, 2957, 53, 1321, 69, 593, 98, 125, 102, 28]","Henry Rider Haggard,Mary Elizabeth Braddon,Mark Twain,Marie Corelli,Arthur Conan Doyle,Bret Harte,Wilkie Collins,Joseph Conrad,Louisa May Alcott,Nathaniel Hawthorne"
10,11,"[324, 73, 28, 1177, 593, 1057, 260, 963, 2957, 1321]","Anthony Trollope,Frances Hodgson Burnett,Nathaniel Hawthorne,Mrs Henry Wood,Bret Harte,Fergus Hume,Oliver Optic,Margaret Oliphant,Mary Elizabeth Braddon,Marie Corelli"
10,12,"[98, 73, 1177, 1321, 1057, 30, 53, 102, 125, 593]","Wilkie Collins,Frances Hodgson Burnett,Mrs Henry Wood,Marie Corelli,Fergus Hume,H.G. Wells,Mark Twain,Louisa May Alcott,Joseph Conrad,Bret Harte"
10,13,"[120, 69, 1057, 260, 963, 98, 593, 53, 365, 30]","Jack London,Arthur Conan Doyle,Fergus Hume,Oliver Optic,Margaret Oliphant,Wilkie Collins,Bret Harte,Mark Twain,Henry Rider Haggard,H.G. Wells"
10,14,"[73, 28, 1177, 30, 365, 1057, 69, 2957, 324, 979]","Frances Hodgson Burnett,Nathaniel Hawthorne,Mrs Henry Wood,H.G. Wells,Henry Rider Haggard,Fergus Hume,Arthur Conan Doyle,Mary Elizabeth Braddon,Anthony Trollope,John Kendrick Bangs"
10,15,"[365, 120, 593, 30, 98, 1057, 979, 963, 260, 28]","Henry Rider Haggard,Jack London,Bret Harte,H.G. Wells,Wilkie Collins,Fergus Hume,John Kendrick Bangs,Margaret Oliphant,Oliver Optic,Nathaniel Hawthorne"
10,16,"[125, 120, 1321, 365, 30, 102, 1057, 324, 69, 963]","Joseph Conrad,Jack London,Marie Corelli,Henry Rider Haggard,H.G. Wells,Louisa May Alcott,Fergus Hume,Anthony Trollope,Arthur Conan Doyle,Margaret Oliphant"
10,17,"[120, 8949, 1057, 1177, 365, 98, 324, 102, 1321, 125]","Jack London,James Grant,Fergus Hume,Mrs Henry Wood,Henry Rider Haggard,Wilkie Collins,Anthony Trollope,Louisa May Alcott,Marie Corelli,Joseph Conrad"
10,18,"[979, 120, 73, 53, 30, 2957, 260, 324, 98, 1057]","John Kendrick Bangs,Jack London,Frances Hodgson Burnett,Mark Twain,H.G. Wells,Mary Elizabeth Braddon,Oliver Optic,Anthony Trollope,Wilkie Collins,Fergus Hume"
10,19,"[53, 324, 1321, 30, 69, 1057, 979, 120, 28, 73]","Mark Twain,Anthony Trollope,Marie Corelli,H.G. Wells,Arthur Conan Doyle,Fergus Hume,John Kendrick Bangs,Jack London,Nathaniel Hawthorne,Frances Hodgson Burnett"
10,20,"[963, 365, 28, 593, 98, 8949, 2957, 69, 260, 30]","Margaret Oliphant,Henry Rider Haggard,Nathaniel Hawthorne,Bret Harte,Wilkie Collins,James Grant,Mary Elizabeth Braddon,Arthur Conan Doyle,Oliver Optic,H.G. Wells"
10,21,"[1177, 963, 365, 2957, 979, 593, 1321, 1057, 98, 260]","Mrs Henry Wood,Margaret Oliphant,Henry Rider Haggard,Mary Elizabeth Braddon,John Kendrick Bangs,Bret Harte,Marie Corelli,Fergus Hume,Wilkie Collins,Oliver Optic"
10,22,"[1177, 30, 125, 8949, 1057, 120, 98, 324, 69, 979]","Mrs Henry Wood,H.G. Wells,Joseph Conrad,James Grant,Fergus Hume,Jack London,Wilkie Collins,Anthony Trollope,Arthur Conan Doyle,John Kendrick Bangs"
10,23,"[120, 324, 125, 28, 1321, 2957, 69, 98, 365, 593]","Jack London,Anthony Trollope,Joseph Conrad,Nathaniel Hawthorne,Marie Corelli,Mary Elizabeth Braddon,Arthur Conan Doyle,Wilkie Collins,Henry Rider Haggard,Bret Harte"
10,24,"[593, 30, 365, 120, 8949, 53, 28, 102, 324, 98]","Bret Harte,H.G. Wells,Henry Rider Haggard,Jack London,James Grant,Mark Twain,Nathaniel Hawthorne,Louisa May Alcott,Anthony Trollope,Wilkie Collins"
10,25,"[73, 963, 1177, 125, 593, 53, 102, 120, 979, 1057]","Frances Hodgson Burnett,Margaret Oliphant,Mrs Henry Wood,Joseph Conrad,Bret Harte,Mark Twain,Louisa May Alcott,Jack London,John Kendrick Bangs,Fergus Hume"
10,26,"[1321, 593, 30, 28, 1177, 53, 98, 2957, 125, 963]","Marie Corelli,Bret Harte,H.G. Wells,Nathaniel Hawthorne,Mrs Henry Wood,Mark Twain,Wilkie Collins,Mary Elizabeth Braddon,Joseph Conrad,Margaret Oliphant"
10,27,"[2957, 73, 69, 979, 1321, 260, 365, 8949, 324, 963]","Mary Elizabeth Braddon,Frances Hodgson Burnett,Arthur Conan Doyle,John Kendrick Bangs,Marie Corelli,Oliver Optic,Henry Rider Haggard,James Grant,Anthony Trollope,Margaret Oliphant"
10,28,"[1321, 73, 102, 120, 979, 963, 69, 28, 8949, 1057]","Marie Corelli,Frances Hodgson Burnett,Louisa May Alcott,Jack London,John Kendrick Bangs,Margaret Oliphant,Arthur Conan Doyle,Nathaniel Hawthorne,James Grant,Fergus Hume"
10,29,"[69, 73, 1177, 1057, 2957, 125, 324, 1321, 120, 102]","Arthur Conan Doyle,Frances Hodgson Burnett,Mrs Henry Wood,Fergus Hume,Mary Elizabeth Braddon,Joseph Conrad,Anthony Trollope,Marie Corelli,Jack London,Louisa May Alcott"
10,30,"[365, 69, 979, 324, 2957, 593, 28, 120, 73, 8949]","Henry Rider Haggard,Arthur Conan Doyle,John Kendrick Bangs,Anthony Trollope,Mary Elizabeth Braddon,Bret Harte,Nathaniel Hawthorne,Jack London,Frances Hodgson Burnett,James Grant"
10,31,"[102, 593, 8949, 2957, 324, 53, 979, 1321, 1057, 963]","Louisa May Alcott,Bret Harte,James Grant,Mary Elizabeth Braddon,Anthony Trollope,Mark Twain,John Kendrick Bangs,Marie Corelli,Fergus Hume,Margaret Oliphant"
10,32,"[53, 102, 1321, 69, 365, 8949, 593, 28, 1177, 2957]","Mark Twain,Louisa May Alcott,Marie Corelli,Arthur Conan Doyle,Henry Rider Haggard,James Grant,Bret Harte,Nathaniel Hawthorne,Mrs Henry Wood,Mary Elizabeth Braddon"
10,33,"[98, 125, 1057, 2957, 260, 102, 73, 963, 365, 1321]","Wilkie Collins,Joseph Conrad,Fergus Hume,Mary Elizabeth Braddon,Oliver Optic,Louisa May Alcott,Frances Hodgson Burnett,Margaret Oliphant,Henry Rider Haggard,Marie Corelli"
10,34,"[53, 260, 979, 8949, 28, 98, 1321, 102, 593, 365]","Mark Twain,Oliver Optic,John Kendrick Bangs,James Grant,Nathaniel Hawthorne,Wilkie Collins,Marie Corelli,Louisa May Alcott,Bret Harte,Henry Rider Haggard"
10,35,"[324, 1321, 69, 8949, 30, 120, 102, 593, 125, 365]","Anthony Trollope,Marie Corelli,Arthur Conan Doyle,James Grant,H.G. Wells,Jack London,Louisa May Alcott,Bret Harte,Joseph Conrad,Henry Rider Haggard"
10,36,"[1057, 1177, 125, 8949, 69, 1321, 365, 324, 102, 28]","Fergus Hume,Mrs Henry Wood,Joseph Conrad,James Grant,Arthur Conan Doyle,Marie Corelli,Henry Rider Haggard,Anthony Trollope,Louisa May Alcott,Nathaniel Hawthorne"
10,37,"[30, 593, 1321, 963, 979, 98, 120, 1177, 8949, 102]","H.G. Wells,Bret Harte,Marie Corelli,Margaret Oliphant,John Kendrick Bangs,Wilkie Collins,Jack London,Mrs Henry Wood,James Grant,Louisa May Alcott"
10,38,"[53, 324, 1177, 125, 98, 963, 73, 260, 979, 1321]","Mark Twain,Anthony Trollope,Mrs Henry Wood,Joseph Conrad,Wilkie Collins,Margaret Oliphant,Frances Hodgson Burnett,Oliver Optic,John Kendrick Bangs,Marie Corelli"
10,39,"[2957, 260, 593, 69, 53, 28, 102, 98, 8949, 324]","Mary Elizabeth Braddon,Oliver Optic,Bret Harte,Arthur Conan Doyle,Mark Twain,Nathaniel Hawthorne,Louisa May Alcott,Wilkie Collins,James Grant,Anthony Trollope"
10,40,"[1177, 73, 324, 28, 365, 1321, 30, 963, 69, 979]","Mrs Henry Wood,Frances Hodgson Burnett,Anthony Trollope,Nathaniel Hawthorne,Henry Rider Haggard,Marie Corelli,H.G. Wells,Margaret Oliphant,Arthur Conan Doyle,John Kendrick Bangs"
10,41,"[98, 120, 365, 1177, 125, 963, 53, 28, 979, 1057]","Wilkie Collins,Jack London,Henry Rider Haggard,Mrs Henry Wood,Joseph Conrad,Margaret Oliphant,Mark Twain,Nathaniel Hawthorne,John Kendrick Bangs,Fergus Hume"
10,42,"[260, 2957, 1057, 30, 53, 120, 963, 98, 69, 102]","Oliver Optic,Mary Elizabeth Braddon,Fergus Hume,H.G. Wells,Mark Twain,Jack London,Margaret Oliphant,Wilkie Collins,Arthur Conan Doyle,Louisa May Alcott"
10,43,"[1057, 365, 8949, 28, 98, 120, 593, 1321, 30, 69]","Fergus Hume,Henry Rider Haggard,James Grant,Nathaniel Hawthorne,Wilkie Collins,Jack London,Bret Harte,Marie Corelli,H.G. Wells,Arthur Conan Doyle"
10,44,"[324, 125, 2957, 1177, 120, 102, 53, 73, 98, 8949]","Anthony Trollope,Joseph Conrad,Mary Elizabeth Braddon,Mrs Henry Wood,Jack London,Louisa May Alcott,Mark Twain,Frances Hodgson Burnett,Wilkie Collins,James Grant"
10,45,"[69, 1321, 30, 120, 593, 1177, 324, 365, 2957, 73]","Arthur Conan Doyle,Marie Corelli,H.G. Wells,Jack London,Bret Harte,Mrs Henry Wood,Anthony Trollope,Henry Rider Haggard,Mary Elizabeth Braddon,Frances Hodgson Burnett"
10,46,"[2957, 69, 1321, 98, 324, 73, 1177, 365, 102, 30]","Mary Elizabeth Braddon,Arthur Conan Doyle,Marie Corelli,Wilkie Collins,Anthony Trollope,Frances Hodgson Burnett,Mrs Henry Wood,Henry Rider Haggard,Louisa May Alcott,H.G. Wells"
10,47,"[53, 260, 365, 102, 28, 125, 324, 2957, 30, 593]","Mark Twain,Oliver Optic,Henry Rider Haggard,Louisa May Alcott,Nathaniel Hawthorne,Joseph Conrad,Anthony Trollope,Mary Elizabeth Braddon,H.G. Wells,Bret Harte"
10,48,"[2957, 1321, 30, 28, 1057, 8949, 53, 98, 69, 963]","Mary Elizabeth Braddon,Marie Corelli,H.G. Wells,Nathaniel Hawthorne,Fergus Hume,James Grant,Mark Twain,Wilkie Collins,Arthur Conan Doyle,Margaret Oliphant"
10,49,"[30, 1321, 2957, 98, 69, 102, 365, 1057, 963, 53]","H.G. Wells,Marie Corelli,Mary Elizabeth Braddon,Wilkie Collins,Arthur Conan Doyle,Louisa May Alcott,Henry Rider Haggard,Fergus Hume,Margaret Oliphant,Mark Twain"
10,50,"[102, 69, 963, 28, 365, 593, 979, 1321, 30, 53]","Louisa May Alcott,Arthur Conan Doyle,Margaret Oliphant,Nathaniel Hawthorne,Henry Rider Haggard,Bret Harte,John Kendrick Bangs,Marie Corelli,H.G. Wells,Mark Twain"
12,1,"[30, 102, 1177, 8949, 979, 125, 365, 963, 120, 593, 98, 73]","H.G. Wells,Louisa May Alcott,Mrs Henry Wood,James Grant,John Kendrick Bangs,Joseph Conrad,Henry Rider Haggard,Margaret Oliphant,Jack London,Bret Harte,Wilkie Collins,Frances Hodgson Burnett"
12,2,"[28, 593, 120, 260, 1177, 2957, 1321, 324, 365, 1057, 125, 102]","Nathaniel Hawthorne,Bret Harte,Jack London,Oliver Optic,Mrs Henry Wood,Mary Elizabeth Braddon,Marie Corelli,Anthony Trollope,Henry Rider Haggard,Fergus Hume,Joseph Conrad,Louisa May Alcott"
12,3,"[8949, 1057, 30, 260, 365, 120, 102, 593, 1321, 963, 73, 53]","James Grant,Fergus Hume,H.G. Wells,Oliver Optic,Henry Rider Haggard,Jack London,Louisa May Alcott,Bret Harte,Marie Corelli,Margaret Oliphant,Frances Hodgson Burnett,Mark Twain"
12,4,"[102, 53, 1177, 2957, 73, 69, 30, 260, 979, 8949, 120, 1057]","Louisa May Alcott,Mark Twain,Mrs Henry Wood,Mary Elizabeth Braddon,Frances Hodgson Burnett,Arthur Conan Doyle,H.G. Wells,Oliver Optic,John Kendrick Bangs,James Grant,Jack London,Fergus Hume"
12,5,"[8949, 1057, 102, 28, 120, 2957, 53, 73, 30, 324, 69, 365]","James Grant,Fergus Hume,Louisa May Alcott,Nathaniel Hawthorne,Jack London,Mary Elizabeth Braddon,Mark Twain,Frances Hodgson Burnett,H.G. Wells,Anthony Trollope,Arthur Conan Doyle,Henry Rider Haggard"
12,6,"[69, 8949, 98, 30, 53, 1321, 102, 28, 120, 2957, 1057, 260]","Arthur Conan Doyle,James Grant,Wilkie Collins,H.G. Wells,Mark Twain,Marie Corelli,Louisa May Alcott,Nathaniel Hawthorne,Jack London,Mary Elizabeth Braddon,Fergus Hume,Oliver Optic"
12,7,"[1177, 963, 365, 1057, 979, 30, 73, 324, 69, 28, 125, 260]","Mrs Henry Wood,Margaret Oliphant,Henry Rider Haggard,Fergus Hume,John Kendrick Bangs,H.G. Wells,Frances Hodgson Burnett,Anthony Trollope,Arthur Conan Doyle,Nathaniel Hawthorne,Joseph Conrad,Oliver Optic"
12,8,"[963, 98, 69, 53, 1057, 125, 120, 593, 260, 73, 1321, 8949]","Margaret Oliphant,Wilkie Collins,Arthur Conan Doyle,Mark Twain,Fergus Hume,Joseph Conrad,Jack London,Bret Harte,Oliver Optic,Frances Hodgson Burnett,Marie Corelli,James Grant"
12,9,"[365, 1177, 324, 28, 8949, 260, 30, 69, 98, 2957, 1321, 593]","Henry Rider Haggard,Mrs Henry Wood,Anthony Trollope,Nathaniel Hawthorne,James Grant,Oliver Optic,H.G. Wells,Arthur Conan Doyle,Wilkie Collins,Mary Elizabeth Braddon,Marie Corelli,Bret Harte"
12,10,"[28, 1177, 30, 53, 2957, 260, 8949, 98, 73, 120, 125, 1057]","Nathaniel Hawthorne,Mrs Henry Wood,H.G. Wells,Mark Twain,Mary Elizabeth Braddon,Oliver Optic,James Grant,Wilkie Collins,Frances Hodgson Burnett,Jack London,Joseph Conrad,Fergus Hume"
12,11,"[260, 324, 1321, 2957, 73, 1057, 30, 1177, 53, 28, 365, 102]","Oliver Optic,Anthony Trollope,Marie Corelli,Mary Elizabeth Braddon,Frances Hodgson Burnett,Fergus Hume,H.G. Wells,Mrs Henry Wood,Mark Twain,Nathaniel Hawthorne,Henry Rider Haggard,Louisa May Alcott"
12,12,"[125, 365, 593, 260, 102, 1177, 324, 73, 8949, 979, 963, 30]","Joseph Conrad,Henry Rider Haggard,Bret Harte,Oliver Optic,Louisa May Alcott,Mrs Henry Wood,Anthony Trollope,Frances Hodgson Burnett,James Grant,John Kendrick Bangs,Margaret Oliphant,H.G. Wells"
12,13,"[8949, 1177, 593, 98, 53, 69, 1057, 73, 120, 1321, 102, 125]","James Grant,Mrs Henry Wood,Bret Harte,Wilkie Collins,Mark Twain,Arthur Conan Doyle,Fergus Hume,Frances Hodgson Burnett,Jack London,Marie Corelli,Louisa May Alcott,Joseph Conrad"
12,14,"[125, 1057, 73, 260, 30, 2957, 1321, 53, 1177, 593, 8949, 28]","Joseph Conrad,Fergus Hume,Frances Hodgson Burnett,Oliver Optic,H.G. Wells,Mary Elizabeth Braddon,Marie Corelli,Mark Twain,Mrs Henry Wood,Bret Harte,James Grant,Nathaniel Hawthorne"
12,15,"[1177, 1321, 2957, 324, 260, 102, 28, 73, 365, 8949, 963, 593]","Mrs Henry Wood,Marie Corelli,Mary Elizabeth Braddon,Anthony Trollope,Oliver Optic,Louisa May Alcott,Nathaniel Hawthorne,Frances Hodgson Burnett,Henry Rider Haggard,James Grant,Margaret Oliphant,Bret Harte"
12,16,"[102, 53, 28, 69, 963, 324, 1057, 30, 125, 120, 365, 1321]","Louisa May Alcott,Mark Twain,Nathaniel Hawthorne,Arthur Conan Doyle,Margaret Oliphant,Anthony Trollope,Fergus Hume,H.G. Wells,Joseph Conrad,Jack London,Henry Rider Haggard,Marie Corelli"
12,17,"[260, 69, 324, 53, 30, 1057, 8949, 120, 2957, 28, 365, 593]","Oliver Optic,Arthur Conan Doyle,Anthony Trollope,Mark Twain,H.G. Wells,Fergus Hume,James Grant,Jack London,Mary Elizabeth Braddon,Nathaniel Hawthorne,Henry Rider Haggard,Bret Harte"
12,18,"[1321, 98, 963, 1057, 125, 593, 53, 1177, 28, 260, 2957, 69]","Marie Corelli,Wilkie Collins,Margaret Oliphant,Fergus Hume,Joseph Conrad,Bret Harte,Mark Twain,Mrs Henry Wood,Nathaniel Hawthorne,Oliver Optic,Mary Elizabeth Braddon,Arthur Conan Doyle"
12,19,"[8949, 963, 593, 979, 120, 365, 1177, 98, 1321, 260, 324, 28]","James Grant,Margaret Oliphant,Bret Harte,John Kendrick Bangs,Jack London,Henry Rider Haggard,Mrs Henry Wood,Wilkie Collins,Marie Corelli,Oliver Optic,Anthony Trollope,Nathaniel Hawthorne"
12,20,"[125, 260, 53, 69, 73, 324, 102, 30, 1177, 28, 1057, 365]","Joseph Conrad,Oliver Optic,Mark Twain,Arthur Conan Doyle,Frances Hodgson Burnett,Anthony Trollope,Louisa May Alcott,H.G. Wells,Mrs Henry Wood,Nathaniel Hawthorne,Fergus Hume,Henry Rider Haggard"
12,21,"[963, 1057, 260, 324, 53, 102, 69, 2957, 125, 120, 30, 979]","Margaret Oliphant,Fergus Hume,Oliver Optic,Anthony Trollope,Mark Twain,Louisa May Alcott,Arthur Conan Doyle,Mary Elizabeth Braddon,Joseph Conrad,Jack London,H.G. Wells,John Kendrick Bangs"
12,22,"[30, 125, 28, 8949, 1321, 2957, 98, 120, 979, 260, 1057, 53]","H.G. Wells,Joseph Conrad,Nathaniel Hawthorne,James Grant,Marie Corelli,Mary Elizabeth Braddon,Wilkie Collins,Jack London,John Kendrick Bangs,Oliver Optic,Fergus Hume,Mark Twain"
12,23,"[8949, 260, 28, 2957, 73, 98, 30, 53, 593, 1177, 324, 963]","James Grant,Oliver Optic,Nathaniel Hawthorne,Mary Elizabeth Braddon,Frances Hodgson Burnett,Wilkie Collins,H.G. Wells,Mark Twain,Bret Harte,Mrs Henry Wood,Anthony Trollope,Margaret Oliphant"
12,24,"[73, 120, 1057, 125, 365, 324, 1321, 30, 69, 979, 28, 53]","Frances Hodgson Burnett,Jack London,Fergus Hume,Joseph Conrad,Henry Rider Haggard,Anthony Trollope,Marie Corelli,H.G. Wells,Arthur Conan Doyle,John Kendrick Bangs,Nathaniel Hawthorne,Mark Twain"
12,25,"[98, 593, 30, 69, 28, 1321, 963, 53, 120, 8949, 1057, 102]","Wilkie Collins,Bret Harte,H.G. Wells,Arthur Conan Doyle,Nathaniel Hawthorne,Marie Corelli,Margaret Oliphant,Mark Twain,Jack London,James Grant,Fergus Hume,Louisa May Alcott"
12,26,"[120, 69, 28, 102, 365, 324, 30, 260, 979, 1177, 53, 8949]","Jack London,Arthur Conan Doyle,Nathaniel Hawthorne,Louisa May Alcott,Henry Rider Haggard,Anthony Trollope,H.G. Wells,Oliver Optic,John Kendrick Bangs,Mrs Henry Wood,Mark Twain,James Grant"
12,27,"[260, 593, 30, 963, 1177, 69, 102, 2957, 98, 53, 120, 125]","Oliver Optic,Bret Harte,H.G. Wells,Margaret Oliphant,Mrs Henry Wood,Arthur Conan Doyle,Louisa May Alcott,Mary Elizabeth Braddon,Wilkie Collins,Mark Twain,Jack London,Joseph Conrad"
12,28,"[8949, 28, 30, 69, 260, 53, 365, 125, 1177, 1321, 979, 2957]","James Grant,Nathaniel Hawthorne,H.G. Wells,Arthur Conan Doyle,Oliver Optic,Mark Twain,Henry Rider Haggard,Joseph Conrad,Mrs Henry Wood,Marie Corelli,John Kendrick Bangs,Mary Elizabeth Braddon"
12,29,"[260, 365, 53, 69, 1177, 963, 102, 2957, 98, 324, 1321, 125]","Oliver Optic,Henry Rider Haggard,Mark Twain,Arthur Conan Doyle,Mrs Henry Wood,Margaret Oliphant,Louisa May Alcott,Mary Elizabeth Braddon,Wilkie Collins,Anthony Trollope,Marie Corelli,Joseph Conrad"
12,30,"[2957, 979, 1321, 365, 102, 120, 125, 324, 28, 98, 69, 963]","Mary Elizabeth Braddon,John Kendrick Bangs,Marie Corelli,Henry Rider Haggard,Louisa May Alcott,Jack London,Joseph Conrad,Anthony Trollope,Nathaniel Hawthorne,Wilkie Collins,Arthur Conan Doyle,Margaret Oliphant"
12,31,"[979, 8949, 28, 30, 963, 260, 324, 1057, 365, 1321, 102, 98]","John Kendrick Bangs,James Grant,Nathaniel Hawthorne,H.G. Wells,Margaret Oliphant,Oliver Optic,Anthony Trollope,Fergus Hume,Henry Rider Haggard,Marie Corelli,Louisa May Alcott,Wilkie Collins"
12,32,"[1321, 593, 2957, 73, 30, 1057, 260, 963, 8949, 53, 120, 125]","Marie Corelli,Bret Harte,Mary Elizabeth Braddon,Frances Hodgson Burnett,H.G. Wells,Fergus Hume,Oliver Optic,Margaret Oliphant,James Grant,Mark Twain,Jack London,Joseph Conrad"
12,33,"[260, 324, 69, 1057, 53, 28, 979, 963, 2957, 1321, 98, 102]","Oliver Optic,Anthony Trollope,Arthur Conan Doyle,Fergus Hume,Mark Twain,Nathaniel Hawthorne,John Kendrick Bangs,Margaret Oliphant,Mary Elizabeth Braddon,Marie Corelli,Wilkie Collins,Louisa May Alcott"
12,34,"[125, 69, 1321, 260, 1057, 28, 979, 98, 73, 324, 30, 53]","Joseph Conrad,Arthur Conan Doyle,Marie Corelli,Oliver Optic,Fergus Hume,Nathaniel Hawthorne,John Kendrick Bangs,Wilkie Collins,Frances Hodgson Burnett,Anthony Trollope,H.G. Wells,Mark Twain"
12,35,"[28, 120, 102, 30, 73, 365, 1177, 324, 98, 2957, 69, 53]","Nathaniel Hawthorne,Jack London,Louisa May Alcott,H.G. Wells,Frances Hodgson Burnett,Henry Rider Haggard,Mrs Henry Wood,Anthony Trollope,Wilkie Collins,Mary Elizabeth Braddon,Arthur Conan Doyle,Mark Twain"
12,36,"[1057, 120, 365, 979, 69, 1321, 98, 260, 8949, 30, 2957, 1177]","Fergus Hume,Jack London,Henry Rider Haggard,John Kendrick Bangs,Arthur Conan Doyle,Marie Corelli,Wilkie Collins,Oliver Optic,James Grant,H.G. Wells,Mary Elizabeth Braddon,Mrs Henry Wood"
12,37,"[125, 979, 963, 1177, 28, 102, 69, 8949, 53, 1321, 73, 593]","Joseph Conrad,John Kendrick Bangs,Margaret Oliphant,Mrs Henry Wood,Nathaniel Hawthorne,Louisa May Alcott,Arthur Conan Doyle,James Grant,Mark Twain,Marie Corelli,Frances Hodgson Burnett,Bret Harte"
12,38,"[1057, 98, 963, 979, 324, 1321, 593, 69, 120, 102, 8949, 2957]","Fergus Hume,Wilkie Collins,Margaret Oliphant,John Kendrick Bangs,Anthony Trollope,Marie Corelli,Bret Harte,Arthur Conan Doyle,Jack London,Louisa May Alcott,James Grant,Mary Elizabeth Braddon"
12,39,"[73, 53, 98, 120, 30, 593, 979, 69, 28, 1057, 102, 963]","Frances Hodgson Burnett,Mark Twain,Wilkie Collins,Jack London,H.G. Wells,Bret Harte,John Kendrick Bangs,Arthur Conan Doyle,Nathaniel Hawthorne,Fergus Hume,Louisa May Alcott,Margaret Oliphant"
12,40,"[30, 73, 1177, 120, 1321, 365, 1057, 260, 98, 8949, 102, 963]","H.G. Wells,Frances Hodgson Burnett,Mrs Henry Wood,Jack London,Marie Corelli,Henry Rider Haggard,Fergus Hume,Oliver Optic,Wilkie Collins,James Grant,Louisa May Alcott,Margaret Oliphant"
12,41,"[1321, 98, 125, 963, 30, 2957, 102, 53, 73, 260, 8949, 28]","Marie Corelli,Wilkie Collins,Joseph Conrad,Margaret Oliphant,H.G. Wells,Mary Elizabeth Braddon,Louisa May Alcott,Mark Twain,Frances Hodgson Burnett,Oliver Optic,James Grant,Nathaniel Hawthorne"
12,42,"[365, 53, 2957, 125, 8949, 324, 1057, 260, 1321, 30, 28, 593]","Henry Rider Haggard,Mark Twain,Mary Elizabeth Braddon,Joseph Conrad,James Grant,Anthony Trollope,Fergus Hume,Oliver Optic,Marie Corelli,H.G. Wells,Nathaniel Hawthorne,Bret Harte"
12,43,"[1057, 260, 365, 2957, 979, 125, 8949, 53, 28, 98, 69, 120]","Fergus Hume,Oliver Optic,Henry Rider Haggard,Mary Elizabeth Braddon,John Kendrick Bangs,Joseph Conrad,James Grant,Mark Twain,Nathaniel Hawthorne,Wilkie Collins,Arthur Conan Doyle,Jack London"
12,44,"[593, 365, 963, 98, 1177, 324, 2957, 69, 125, 1321, 979, 53]","Bret Harte,Henry Rider Haggard,Margaret Oliphant,Wilkie Collins,Mrs Henry Wood,Anthony Trollope,Mary Elizabeth Braddon,Arthur Conan Doyle,Joseph Conrad,Marie Corelli,John Kendrick Bangs,Mark Twain"
12,45,"[979, 1057, 120, 73, 125, 30, 1321, 963, 324, 53, 8949, 365]","John Kendrick Bangs,Fergus Hume,Jack London,Frances Hodgson Burnett,Joseph Conrad,H.G. Wells,Marie Corelli,Margaret Oliphant,Anthony Trollope,Mark Twain,James Grant,Henry Rider Haggard"
12,46,"[73, 30, 1177, 98, 8949, 2957, 963, 979, 53, 125, 102, 324]","Frances Hodgson Burnett,H.G. Wells,Mrs Henry Wood,Wilkie Collins,James Grant,Mary Elizabeth Braddon,Margaret Oliphant,John Kendrick Bangs,Mark Twain,Joseph Conrad,Louisa May Alcott,Anthony Trollope"
12,47,"[1321, 593, 979, 120, 98, 73, 125, 324, 1177, 8949, 102, 1057]","Marie Corelli,Bret Harte,John Kendrick Bangs,Jack London,Wilkie Collins,Frances Hodgson Burnett,Joseph Conrad,Anthony Trollope,Mrs Henry Wood,James Grant,Louisa May Alcott,Fergus Hume"
12,48,"[28, 260, 69, 979, 8949, 73, 2957, 30, 963, 1177, 53, 1057]","Nathaniel Hawthorne,Oliver Optic,Arthur Conan Doyle,John Kendrick Bangs,James Grant,Frances Hodgson Burnett,Mary Elizabeth Braddon,H.G. Wells,Margaret Oliphant,Mrs Henry Wood,Mark Twain,Fergus Hume"
12,49,"[53, 979, 365, 2957, 73, 260, 324, 102, 30, 1177, 120, 593]","Mark Twain,John Kendrick Bangs,Henry Rider Haggard,Mary Elizabeth Braddon,Frances Hodgson Burnett,Oliver Optic,Anthony Trollope,Louisa May Alcott,H.G. Wells,Mrs Henry Wood,Jack London,Bret Harte"
12,50,"[28, 125, 1057, 365, 69, 98, 8949, 102, 2957, 593, 260, 1177]","Nathaniel Hawthorne,Joseph Conrad,Fergus Hume,Henry Rider Haggard,Arthur Conan Doyle,Wilkie Collins,James Grant,Louisa May Alcott,Mary Elizabeth Braddon,Bret Harte,Oliver Optic,Mrs Henry Wood"
14,1,"[324, 53, 1177, 1057, 963, 260, 69, 30, 593, 73, 8949, 125, 365, 98]","Anthony Trollope,Mark Twain,Mrs Henry Wood,Fergus Hume,Margaret Oliphant,Oliver Optic,Arthur Conan Doyle,H.G. Wells,Bret Harte,Frances Hodgson Burnett,James Grant,Joseph Conrad,Henry Rider Haggard,Wilkie Collins"
14,2,"[260, 1177, 324, 1057, 98, 28, 593, 365, 1321, 30, 963, 8949, 2957, 102]","Oliver Optic,Mrs Henry Wood,Anthony Trollope,Fergus Hume,Wilkie Collins,Nathaniel Hawthorne,Bret Harte,Henry Rider Haggard,Marie Corelli,H.G. Wells,Margaret Oliphant,James Grant,Mary Elizabeth Braddon,Louisa May Alcott"
14,3,"[98, 53, 593, 1321, 1177, 69, 260, 102, 120, 73, 30, 365, 125, 963]","Wilkie Collins,Mark Twain,Bret Harte,Marie Corelli,Mrs Henry Wood,Arthur Conan Doyle,Oliver Optic,Louisa May Alcott,Jack London,Frances Hodgson Burnett,H.G. Wells,Henry Rider Haggard,Joseph Conrad,Margaret Oliphant"
14,4,"[73, 8949, 28, 125, 365, 979, 593, 963, 53, 260, 1177, 1321, 1057, 120]","Frances Hodgson Burnett,James Grant,Nathaniel Hawthorne,Joseph Conrad,Henry Rider Haggard,John Kendrick Bangs,Bret Harte,Margaret Oliphant,Mark Twain,Oliver Optic,Mrs Henry Wood,Marie Corelli,Fergus Hume,Jack London"
14,5,"[2957, 260, 69, 979, 1177, 102, 125, 365, 28, 120, 593, 1321, 53, 324]","Mary Elizabeth Braddon,Oliver Optic,Arthur Conan Doyle,John Kendrick Bangs,Mrs Henry Wood,Louisa May Alcott,Joseph Conrad,Henry Rider Haggard,Nathaniel Hawthorne,Jack London,Bret Harte,Marie Corelli,Mark Twain,Anthony Trollope"
14,6,"[2957, 125, 30, 1177, 963, 593, 979, 28, 260, 98, 8949, 1057, 102, 1321]","Mary Elizabeth Braddon,Joseph Conrad,H.G. Wells,Mrs Henry Wood,Margaret Oliphant,Bret Harte,John Kendrick Bangs,Nathaniel Hawthorne,Oliver Optic,Wilkie Collins,James Grant,Fergus Hume,Louisa May Alcott,Marie Corelli"
14,7,"[8949, 260, 1177, 125, 979, 69, 324, 1321, 30, 98, 28, 593, 73, 120]","James Grant,Oliver Optic,Mrs Henry Wood,Joseph Conrad,John Kendrick Bangs,Arthur Conan Doyle,Anthony Trollope,Marie Corelli,H.G. Wells,Wilkie Collins,Nathaniel Hawthorne,Bret Harte,Frances Hodgson Burnett,Jack London"
14,8,"[8949, 98, 30, 125, 1321, 1057, 593, 260, 1177, 979, 102, 365, 2957, 73]","James Grant,Wilkie Collins,H.G. Wells,Joseph Conrad,Marie Corelli,Fergus Hume,Bret Harte,Oliver Optic,Mrs Henry Wood,John Kendrick Bangs,Louisa May Alcott,Henry Rider Haggard,Mary Elizabeth Braddon,Frances Hodgson Burnett"
14,9,"[1321, 979, 125, 73, 1057, 963, 593, 365, 2957, 53, 8949, 30, 69, 120]","Marie Corelli,John Kendrick Bangs,Joseph Conrad,Frances Hodgson Burnett,Fergus Hume,Margaret Oliphant,Bret Harte,Henry Rider Haggard,Mary Elizabeth Braddon,Mark Twain,James Grant,H.G. Wells,Arthur Conan Doyle,Jack London"
14,10,"[120, 979, 73, 28, 98, 963, 102, 365, 593, 260, 8949, 2957, 1321, 1057]","Jack London,John Kendrick Bangs,Frances Hodgson Burnett,Nathaniel Hawthorne,Wilkie Collins,Margaret Oliphant,Louisa May Alcott,Henry Rider Haggard,Bret Harte,Oliver Optic,James Grant,Mary Elizabeth Braddon,Marie Corelli,Fergus Hume"
14,11,"[979, 98, 1321, 1057, 69, 963, 593, 125, 102, 120, 324, 2957, 73, 28]","John Kendrick Bangs,Wilkie Collins,Marie Corelli,Fergus Hume,Arthur Conan Doyle,Margaret Oliphant,Bret Harte,Joseph Conrad,Louisa May Alcott,Jack London,Anthony Trollope,Mary Elizabeth Braddon,Frances Hodgson Burnett,Nathaniel Hawthorne"
14,12,"[1057, 28, 102, 53, 73, 365, 324, 120, 30, 1321, 979, 260, 98, 1177]","Fergus Hume,Nathaniel Hawthorne,Louisa May Alcott,Mark Twain,Frances Hodgson Burnett,Henry Rider Haggard,Anthony Trollope,Jack London,H.G. Wells,Marie Corelli,John Kendrick Bangs,Oliver Optic,Wilkie Collins,Mrs Henry Wood"
14,13,"[593, 28, 2957, 8949, 979, 1177, 125, 1057, 1321, 53, 963, 98, 69, 73]","Bret Harte,Nathaniel Hawthorne,Mary Elizabeth Braddon,James Grant,John Kendrick Bangs,Mrs Henry Wood,Joseph Conrad,Fergus Hume,Marie Corelli,Mark Twain,Margaret Oliphant,Wilkie Collins,Arthur Conan Doyle,Frances Hodgson Burnett"
14,14,"[8949, 73, 98, 28, 1321, 1177, 365, 53, 2957, 979, 260, 30, 69, 324]","James Grant,Frances Hodgson Burnett,Wilkie Collins,Nathaniel Hawthorne,Marie Corelli,Mrs Henry Wood,Henry Rider Haggard,Mark Twain,Mary Elizabeth Braddon,John Kendrick Bangs,Oliver Optic,H.G. Wells,Arthur Conan Doyle,Anthony Trollope"
14,15,"[963, 69, 365, 324, 593, 120, 1177, 979, 102, 1321, 8949, 98, 2957, 73]","Margaret Oliphant,Arthur Conan Doyle,Henry Rider Haggard,Anthony Trollope,Bret Harte,Jack London,Mrs Henry Wood,John Kendrick Bangs,Louisa May Alcott,Marie Corelli,James Grant,Wilkie Collins,Mary Elizabeth Braddon,Frances Hodgson Burnett"
14,16,"[1177, 120, 1321, 1057, 324, 365, 260, 2957, 8949, 979, 593, 125, 73, 102]","Mrs Henry Wood,Jack London,Marie Corelli,Fergus Hume,Anthony Trollope,Henry Rider Haggard,Oliver Optic,Mary Elizabeth Braddon,James Grant,John Kendrick Bangs,Bret Harte,Joseph Conrad,Frances Hodgson Burnett,Louisa May Alcott"
14,17,"[324, 979, 593, 28, 1057, 260, 53, 8949, 69, 1177, 73, 365, 102, 963]","Anthony Trollope,John Kendrick Bangs,Bret Harte,Nathaniel Hawthorne,Fergus Hume,Oliver Optic,Mark Twain,James Grant,Arthur Conan Doyle,Mrs Henry Wood,Frances Hodgson Burnett,Henry Rider Haggard,Louisa May Alcott,Margaret Oliphant"
14,18,"[28, 2957, 8949, 125, 120, 73, 1321, 30, 98, 1057, 260, 1177, 324, 365]","Nathaniel Hawthorne,Mary Elizabeth Braddon,James Grant,Joseph Conrad,Jack London,Frances Hodgson Burnett,Marie Corelli,H.G. Wells,Wilkie Collins,Fergus Hume,Oliver Optic,Mrs Henry Wood,Anthony Trollope,Henry Rider Haggard"
14,19,"[69, 30, 365, 2957, 260, 8949, 102, 593, 53, 1057, 73, 963, 1321, 125]","Arthur Conan Doyle,H.G. Wells,Henry Rider Haggard,Mary Elizabeth Braddon,Oliver Optic,James Grant,Louisa May Alcott,Bret Harte,Mark Twain,Fergus Hume,Frances Hodgson Burnett,Margaret Oliphant,Marie Corelli,Joseph Conrad"
14,20,"[30, 102, 98, 260, 593, 1177, 1057, 979, 8949, 69, 963, 28, 2957, 1321]","H.G. Wells,Louisa May Alcott,Wilkie Collins,Oliver Optic,Bret Harte,Mrs Henry Wood,Fergus Hume,John Kendrick Bangs,James Grant,Arthur Conan Doyle,Margaret Oliphant,Nathaniel Hawthorne,Mary Elizabeth Braddon,Marie Corelli"
14,21,"[69, 1321, 260, 324, 593, 125, 2957, 979, 102, 963, 30, 1057, 1177, 53]","Arthur Conan Doyle,Marie Corelli,Oliver Optic,Anthony Trollope,Bret Harte,Joseph Conrad,Mary Elizabeth Braddon,John Kendrick Bangs,Louisa May Alcott,Margaret Oliphant,H.G. Wells,Fergus Hume,Mrs Henry Wood,Mark Twain"
14,22,"[365, 102, 53, 28, 1321, 98, 30, 2957, 1177, 125, 69, 593, 8949, 120]","Henry Rider Haggard,Louisa May Alcott,Mark Twain,Nathaniel Hawthorne,Marie Corelli,Wilkie Collins,H.G. Wells,Mary Elizabeth Braddon,Mrs Henry Wood,Joseph Conrad,Arthur Conan Doyle,Bret Harte,James Grant,Jack London"
14,23,"[1057, 2957, 30, 69, 98, 120, 73, 324, 125, 1177, 28, 593, 53, 1321]","Fergus Hume,Mary Elizabeth Braddon,H.G. Wells,Arthur Conan Doyle,Wilkie Collins,Jack London,Frances Hodgson Burnett,Anthony Trollope,Joseph Conrad,Mrs Henry Wood,Nathaniel Hawthorne,Bret Harte,Mark Twain,Marie Corelli"
14,24,"[98, 69, 1321, 8949, 125, 30, 102, 2957, 1057, 1177, 28, 979, 260, 324]","Wilkie Collins,Arthur Conan Doyle,Marie Corelli,James Grant,Joseph Conrad,H.G. Wells,Louisa May Alcott,Mary Elizabeth Braddon,Fergus Hume,Mrs Henry Wood,Nathaniel Hawthorne,John Kendrick Bangs,Oliver Optic,Anthony Trollope"
14,25,"[1321, 120, 102, 963, 1177, 979, 260, 98, 53, 125, 69, 73, 28, 1057]","Marie Corelli,Jack London,Louisa May Alcott,Margaret Oliphant,Mrs Henry Wood,John Kendrick Bangs,Oliver Optic,Wilkie Collins,Mark Twain,Joseph Conrad,Arthur Conan Doyle,Frances Hodgson Burnett,Nathaniel Hawthorne,Fergus Hume"
14,26,"[8949, 69, 28, 1057, 2957, 324, 1321, 53, 98, 1177, 125, 593, 260, 963]","James Grant,Arthur Conan Doyle,Nathaniel Hawthorne,Fergus Hume,Mary Elizabeth Braddon,Anthony Trollope,Marie Corelli,Mark Twain,Wilkie Collins,Mrs Henry Wood,Joseph Conrad,Bret Harte,Oliver Optic,Margaret Oliphant"
14,27,"[8949, 53, 260, 98, 73, 125, 120, 1057, 2957, 69, 102, 324, 30, 28]","James Grant,Mark Twain,Oliver Optic,Wilkie Collins,Frances Hodgson Burnett,Joseph Conrad,Jack London,Fergus Hume,Mary Elizabeth Braddon,Arthur Conan Doyle,Louisa May Alcott,Anthony Trollope,H.G. Wells,Nathaniel Hawthorne"
14,28,"[73, 8949, 28, 324, 69, 102, 1321, 2957, 120, 260, 30, 365, 1057, 125]","Frances Hodgson Burnett,James Grant,Nathaniel Hawthorne,Anthony Trollope,Arthur Conan Doyle,Louisa May Alcott,Marie Corelli,Mary Elizabeth Braddon,Jack London,Oliver Optic,H.G. Wells,Henry Rider Haggard,Fergus Hume,Joseph Conrad"
14,29,"[30, 2957, 98, 120, 125, 102, 1321, 53, 260, 365, 69, 28, 324, 73]","H.G. Wells,Mary Elizabeth Braddon,Wilkie Collins,Jack London,Joseph Conrad,Louisa May Alcott,Marie Corelli,Mark Twain,Oliver Optic,Henry Rider Haggard,Arthur Conan Doyle,Nathaniel Hawthorne,Anthony Trollope,Frances Hodgson Burnett"
14,30,"[28, 365, 98, 69, 73, 1057, 963, 1321, 53, 260, 593, 979, 102, 120]","Nathaniel Hawthorne,Henry Rider Haggard,Wilkie Collins,Arthur Conan Doyle,Frances Hodgson Burnett,Fergus Hume,Margaret Oliphant,Marie Corelli,Mark Twain,Oliver Optic,Bret Harte,John Kendrick Bangs,Louisa May Alcott,Jack London"
14,31,"[125, 30, 120, 98, 1321, 102, 8949, 979, 53, 69, 324, 963, 365, 1057]","Joseph Conrad,H.G. Wells,Jack London,Wilkie Collins,Marie Corelli,Louisa May Alcott,James Grant,John Kendrick Bangs,Mark Twain,Arthur Conan Doyle,Anthony Trollope,Margaret Oliphant,Henry Rider Haggard,Fergus Hume"
14,32,"[28, 98, 1177, 979, 324, 1057, 2957, 593, 69, 30, 1321, 963, 8949, 73]","Nathaniel Hawthorne,Wilkie Collins,Mrs Henry Wood,John Kendrick Bangs,Anthony Trollope,Fergus Hume,Mary Elizabeth Braddon,Bret Harte,Arthur Conan Doyle,H.G. Wells,Marie Corelli,Margaret Oliphant,James Grant,Frances Hodgson Burnett"
14,33,"[69, 2957, 120, 1321, 8949, 260, 73, 365, 98, 53, 102, 1177, 125, 963]","Arthur Conan Doyle,Mary Elizabeth Braddon,Jack London,Marie Corelli,James Grant,Oliver Optic,Frances Hodgson Burnett,Henry Rider Haggard,Wilkie Collins,Mark Twain,Louisa May Alcott,Mrs Henry Wood,Joseph Conrad,Margaret Oliphant"
14,34,"[69, 365, 30, 260, 125, 120, 2957, 28, 53, 979, 1321, 73, 102, 593]","Arthur Conan Doyle,Henry Rider Haggard,H.G. Wells,Oliver Optic,Joseph Conrad,Jack London,Mary Elizabeth Braddon,Nathaniel Hawthorne,Mark Twain,John Kendrick Bangs,Marie Corelli,Frances Hodgson Burnett,Louisa May Alcott,Bret Harte"
14,35,"[8949, 1057, 365, 979, 73, 963, 593, 30, 2957, 1321, 125, 69, 53, 1177]","James Grant,Fergus Hume,Henry Rider Haggard,John Kendrick Bangs,Frances Hodgson Burnett,Margaret Oliphant,Bret Harte,H.G. Wells,Mary Elizabeth Braddon,Marie Corelli,Joseph Conrad,Arthur Conan Doyle,Mark Twain,Mrs Henry Wood"
14,36,"[120, 963, 98, 102, 53, 28, 1057, 69, 30, 73, 979, 365, 8949, 1321]","Jack London,Margaret Oliphant,Wilkie Collins,Louisa May Alcott,Mark Twain,Nathaniel Hawthorne,Fergus Hume,Arthur Conan Doyle,H.G. Wells,Frances Hodgson Burnett,John Kendrick Bangs,Henry Rider Haggard,James Grant,Marie Corelli"
14,37,"[1057, 593, 98, 963, 120, 2957, 73, 1177, 69, 30, 365, 28, 979, 260]","Fergus Hume,Bret Harte,Wilkie Collins,Margaret Oliphant,Jack London,Mary Elizabeth Braddon,Frances Hodgson Burnett,Mrs Henry Wood,Arthur Conan Doyle,H.G. Wells,Henry Rider Haggard,Nathaniel Hawthorne,John Kendrick Bangs,Oliver Optic"
14,38,"[98, 1177, 260, 979, 365, 30, 593, 125, 1321, 1057, 102, 324, 2957, 53]","Wilkie Collins,Mrs Henry Wood,Oliver Optic,John Kendrick Bangs,Henry Rider Haggard,H.G. Wells,Bret Harte,Joseph Conrad,Marie Corelli,Fergus Hume,Louisa May Alcott,Anthony Trollope,Mary Elizabeth Braddon,Mark Twain"
14,39,"[324, 2957, 593, 120, 73, 365, 98, 1057, 260, 979, 30, 69, 102, 8949]","Anthony Trollope,Mary Elizabeth Braddon,Bret Harte,Jack London,Frances Hodgson Burnett,Henry Rider Haggard,Wilkie Collins,Fergus Hume,Oliver Optic,John Kendrick Bangs,H.G. Wells,Arthur Conan Doyle,Louisa May Alcott,James Grant"
14,40,"[125, 963, 53, 365, 593, 1057, 69, 98, 30, 73, 120, 1177, 28, 979]","Joseph Conrad,Margaret Oliphant,Mark Twain,Henry Rider Haggard,Bret Harte,Fergus Hume,Arthur Conan Doyle,Wilkie Collins,H.G. Wells,Frances Hodgson Burnett,Jack London,Mrs Henry Wood,Nathaniel Hawthorne,John Kendrick Bangs"
14,41,"[1057, 102, 125, 979, 365, 53, 260, 120, 28, 1321, 2957, 8949, 69, 73]","Fergus Hume,Louisa May Alcott,Joseph Conrad,John Kendrick Bangs,Henry Rider Haggard,Mark Twain,Oliver Optic,Jack London,Nathaniel Hawthorne,Marie Corelli,Mary Elizabeth Braddon,James Grant,Arthur Conan Doyle,Frances Hodgson Burnett"
14,42,"[73, 2957, 979, 324, 120, 1177, 8949, 53, 125, 1057, 963, 30, 260, 28]","Frances Hodgson Burnett,Mary Elizabeth Braddon,John Kendrick Bangs,Anthony Trollope,Jack London,Mrs Henry Wood,James Grant,Mark Twain,Joseph Conrad,Fergus Hume,Margaret Oliphant,H.G. Wells,Oliver Optic,Nathaniel Hawthorne"
14,43,"[1177, 1057, 324, 260, 73, 979, 102, 30, 53, 2957, 125, 963, 120, 28]","Mrs Henry Wood,Fergus Hume,Anthony Trollope,Oliver Optic,Frances Hodgson Burnett,John Kendrick Bangs,Louisa May Alcott,H.G. Wells,Mark Twain,Mary Elizabeth Braddon,Joseph Conrad,Margaret Oliphant,Jack London,Nathaniel Hawthorne"
14,44,"[120, 73, 28, 260, 125, 53, 1057, 963, 30, 2957, 324, 979, 69, 1321]","Jack London,Frances Hodgson Burnett,Nathaniel Hawthorne,Oliver Optic,Joseph Conrad,Mark Twain,Fergus Hume,Margaret Oliphant,H.G. Wells,Mary Elizabeth Braddon,Anthony Trollope,John Kendrick Bangs,Arthur Conan Doyle,Marie Corelli"
14,45,"[963, 2957, 98, 979, 28, 1057, 69, 53, 324, 1177, 260, 1321, 365, 102]","Margaret Oliphant,Mary Elizabeth Braddon,Wilkie Collins,John Kendrick Bangs,Nathaniel Hawthorne,Fergus Hume,Arthur Conan Doyle,Mark Twain,Anthony Trollope,Mrs Henry Wood,Oliver Optic,Marie Corelli,Henry Rider Haggard,Louisa May Alcott"
14,46,"[324, 593, 1057, 1177, 102, 30, 1321, 963, 73, 2957, 69, 98, 8949, 979]","Anthony Trollope,Bret Harte,Fergus Hume,Mrs Henry Wood,Louisa May Alcott,H.G. Wells,Marie Corelli,Margaret Oliphant,Frances Hodgson Burnett,Mary Elizabeth Braddon,Arthur Conan Doyle,Wilkie Collins,James Grant,John Kendrick Bangs"
14,47,"[120, 30, 98, 1057, 102, 53, 8949, 963, 365, 324, 1321, 593, 260, 73]","Jack London,H.G. Wells,Wilkie Collins,Fergus Hume,Louisa May Alcott,Mark Twain,James Grant,Margaret Oliphant,Henry Rider Haggard,Anthony Trollope,Marie Corelli,Bret Harte,Oliver Optic,Frances Hodgson Burnett"
14,48,"[98, 260, 102, 125, 963, 30, 53, 365, 8949, 1321, 1057, 593, 2957, 73]","Wilkie Collins,Oliver Optic,Louisa May Alcott,Joseph Conrad,Margaret Oliphant,H.G. Wells,Mark Twain,Henry Rider Haggard,James Grant,Marie Corelli,Fergus Hume,Bret Harte,Mary Elizabeth Braddon,Frances Hodgson Burnett"
14,49,"[102, 979, 365, 1177, 120, 593, 8949, 98, 1057, 53, 260, 963, 28, 2957]","Louisa May Alcott,John Kendrick Bangs,Henry Rider Haggard,Mrs Henry Wood,Jack London,Bret Harte,James Grant,Wilkie Collins,Fergus Hume,Mark Twain,Oliver Optic,Margaret Oliphant,Nathaniel Hawthorne,Mary Elizabeth Braddon"
14,50,"[963, 1321, 1177, 120, 53, 1057, 365, 98, 260, 73, 2957, 593, 30, 8949]","Margaret Oliphant,Marie Corelli,Mrs Henry Wood,Jack London,Mark Twain,Fergus Hume,Henry Rider Haggard,Wilkie Collins,Oliver Optic,Frances Hodgson Burnett,Mary Elizabeth Braddon,Bret Harte,H.G. Wells,James Grant"
16,1,"[593, 125, 53, 2957, 8949, 324, 120, 963, 1321, 102, 30, 979, 1177, 365, 98, 28]","Bret Harte,Joseph Conrad,Mark Twain,Mary Elizabeth Braddon,James Grant,Anthony Trollope,Jack London,Margaret Oliphant,Marie Corelli,Louisa May Alcott,H.G. Wells,John Kendrick Bangs,Mrs Henry Wood,Henry Rider Haggard,Wilkie Collins,Nathaniel Hawthorne"
16,2,"[1177, 365, 1321, 125, 2957, 53, 979, 963, 1057, 260, 30, 120, 98, 28, 324, 8949]","Mrs Henry Wood,Henry Rider Haggard,Marie Corelli,Joseph Conrad,Mary Elizabeth Braddon,Mark Twain,John Kendrick Bangs,Margaret Oliphant,Fergus Hume,Oliver Optic,H.G. Wells,Jack London,Wilkie Collins,Nathaniel Hawthorne,Anthony Trollope,James Grant"
16,3,"[30, 98, 73, 963, 324, 1057, 125, 365, 102, 1321, 2957, 593, 69, 260, 8949, 28]","H.G. Wells,Wilkie Collins,Frances Hodgson Burnett,Margaret Oliphant,Anthony Trollope,Fergus Hume,Joseph Conrad,Henry Rider Haggard,Louisa May Alcott,Marie Corelli,Mary Elizabeth Braddon,Bret Harte,Arthur Conan Doyle,Oliver Optic,James Grant,Nathaniel Hawthorne"
16,4,"[979, 73, 324, 102, 2957, 28, 365, 8949, 125, 30, 963, 69, 260, 1057, 1177, 98]","John Kendrick Bangs,Frances Hodgson Burnett,Anthony Trollope,Louisa May Alcott,Mary Elizabeth Braddon,Nathaniel Hawthorne,Henry Rider Haggard,James Grant,Joseph Conrad,H.G. Wells,Margaret Oliphant,Arthur Conan Doyle,Oliver Optic,Fergus Hume,Mrs Henry Wood,Wilkie Collins"
16,5,"[125, 98, 324, 120, 53, 8949, 1321, 30, 69, 73, 979, 593, 260, 1057, 102, 1177]","Joseph Conrad,Wilkie Collins,Anthony Trollope,Jack London,Mark Twain,James Grant,Marie Corelli,H.G. Wells,Arthur Conan Doyle,Frances Hodgson Burnett,John Kendrick Bangs,Bret Harte,Oliver Optic,Fergus Hume,Louisa May Alcott,Mrs Henry Wood"
16,6,"[8949, 979, 120, 593, 1321, 102, 963, 53, 125, 365, 69, 1177, 28, 2957, 1057, 98]","James Grant,John Kendrick Bangs,Jack London,Bret Harte,Marie Corelli,Louisa May Alcott,Margaret Oliphant,Mark Twain,Joseph Conrad,Henry Rider Haggard,Arthur Conan Doyle,Mrs Henry Wood,Nathaniel Hawthorne,Mary Elizabeth Braddon,Fergus Hume,Wilkie Collins"
16,7,"[979, 2957, 963, 98, 73, 1177, 8949, 28, 30, 260, 120, 1321, 365, 593, 324, 102]","John Kendrick Bangs,Mary Elizabeth Braddon,Margaret Oliphant,Wilkie Collins,Frances Hodgson Burnett,Mrs Henry Wood,James Grant,Nathaniel Hawthorne,H.G. Wells,Oliver Optic,Jack London,Marie Corelli,Henry Rider Haggard,Bret Harte,Anthony Trollope,Louisa May Alcott"
16,8,"[979, 593, 1321, 120, 1177, 365, 260, 69, 125, 28, 963, 73, 30, 98, 1057, 8949]","John Kendrick Bangs,Bret Harte,Marie Corelli,Jack London,Mrs Henry Wood,Henry Rider Haggard,Oliver Optic,Arthur Conan Doyle,Joseph Conrad,Nathaniel Hawthorne,Margaret Oliphant,Frances Hodgson Burnett,H.G. Wells,Wilkie Collins,Fergus Hume,James Grant"
16,9,"[1177, 102, 73, 593, 120, 2957, 69, 53, 30, 260, 365, 963, 8949, 98, 1321, 28]","Mrs Henry Wood,Louisa May Alcott,Frances Hodgson Burnett,Bret Harte,Jack London,Mary Elizabeth Braddon,Arthur Conan Doyle,Mark Twain,H.G. Wells,Oliver Optic,Henry Rider Haggard,Margaret Oliphant,James Grant,Wilkie Collins,Marie Corelli,Nathaniel Hawthorne"
16,10,"[963, 28, 593, 102, 260, 30, 69, 98, 1177, 1321, 324, 979, 365, 53, 120, 125]","Margaret Oliphant,Nathaniel Hawthorne,Bret Harte,Louisa May Alcott,Oliver Optic,H.G. Wells,Arthur Conan Doyle,Wilkie Collins,Mrs Henry Wood,Marie Corelli,Anthony Trollope,John Kendrick Bangs,Henry Rider Haggard,Mark Twain,Jack London,Joseph Conrad"
16,11,"[593, 963, 53, 979, 2957, 98, 69, 120, 30, 1321, 1177, 1057, 102, 28, 260, 365]","Bret Harte,Margaret Oliphant,Mark Twain,John Kendrick Bangs,Mary Elizabeth Braddon,Wilkie Collins,Arthur Conan Doyle,Jack London,H.G. Wells,Marie Corelli,Mrs Henry Wood,Fergus Hume,Louisa May Alcott,Nathaniel Hawthorne,Oliver Optic,Henry Rider Haggard"
16,12,"[365, 125, 1057, 28, 2957, 593, 8949, 73, 30, 69, 979, 102, 1321, 53, 120, 324]","Henry Rider Haggard,Joseph Conrad,Fergus Hume,Nathaniel Hawthorne,Mary Elizabeth Braddon,Bret Harte,James Grant,Frances Hodgson Burnett,H.G. Wells,Arthur Conan Doyle,John Kendrick Bangs,Louisa May Alcott,Marie Corelli,Mark Twain,Jack London,Anthony Trollope"
16,13,"[98, 324, 120, 1057, 1321, 260, 73, 8949, 30, 979, 102, 125, 53, 963, 28, 365]","Wilkie Collins,Anthony Trollope,Jack London,Fergus Hume,Marie Corelli,Oliver Optic,Frances Hodgson Burnett,James Grant,H.G. Wells,John Kendrick Bangs,Louisa May Alcott,Joseph Conrad,Mark Twain,Margaret Oliphant,Nathaniel Hawthorne,Henry Rider Haggard"
16,14,"[69, 30, 8949, 2957, 125, 120, 73, 963, 324, 260, 1057, 53, 365, 28, 1177, 1321]","Arthur Conan Doyle,H.G. Wells,James Grant,Mary Elizabeth Braddon,Joseph Conrad,Jack London,Frances Hodgson Burnett,Margaret Oliphant,Anthony Trollope,Oliver Optic,Fergus Hume,Mark Twain,Henry Rider Haggard,Nathaniel Hawthorne,Mrs Henry Wood,Marie Corelli"
16,15,"[30, 102, 125, 1057, 260, 28, 2957, 963, 593, 53, 365, 8949, 73, 1177, 69, 120]","H.G. Wells,Louisa May Alcott,Joseph Conrad,Fergus Hume,Oliver Optic,Nathaniel Hawthorne,Mary Elizabeth Braddon,Margaret Oliphant,Bret Harte,Mark Twain,Henry Rider Haggard,James Grant,Frances Hodgson Burnett,Mrs Henry Wood,Arthur Conan Doyle,Jack London"
16,16,"[1177, 125, 120, 1321, 593, 73, 69, 30, 2957, 8949, 365, 1057, 979, 324, 102, 963]","Mrs Henry Wood,Joseph Conrad,Jack London,Marie Corelli,Bret Harte,Frances Hodgson Burnett,Arthur Conan Doyle,H.G. Wells,Mary Elizabeth Braddon,James Grant,Henry Rider Haggard,Fergus Hume,John Kendrick Bangs,Anthony Trollope,Louisa May Alcott,Margaret Oliphant"
16,17,"[53, 963, 73, 365, 69, 1321, 125, 30, 260, 28, 98, 593, 2957, 979, 1177, 102]","Mark Twain,Margaret Oliphant,Frances Hodgson Burnett,Henry Rider Haggard,Arthur Conan Doyle,Marie Corelli,Joseph Conrad,H.G. Wells,Oliver Optic,Nathaniel Hawthorne,Wilkie Collins,Bret Harte,Mary Elizabeth Braddon,John Kendrick Bangs,Mrs Henry Wood,Louisa May Alcott"
16,18,"[125, 2957, 593, 979, 102, 69, 8949, 30, 1177, 98, 365, 260, 1321, 73, 963, 53]","Joseph Conrad,Mary Elizabeth Braddon,Bret Harte,John Kendrick Bangs,Louisa May Alcott,Arthur Conan Doyle,James Grant,H.G. Wells,Mrs Henry Wood,Wilkie Collins,Henry Rider Haggard,Oliver Optic,Marie Corelli,Frances Hodgson Burnett,Margaret Oliphant,Mark Twain"
16,19,"[1177, 28, 30, 69, 120, 1057, 963, 125, 365, 2957, 593, 8949, 102, 324, 73, 260]","Mrs Henry Wood,Nathaniel Hawthorne,H.G. Wells,Arthur Conan Doyle,Jack London,Fergus Hume,Margaret Oliphant,Joseph Conrad,Henry Rider Haggard,Mary Elizabeth Braddon,Bret Harte,James Grant,Louisa May Alcott,Anthony Trollope,Frances Hodgson Burnett,Oliver Optic"
16,20,"[2957, 28, 365, 593, 260, 125, 324, 73, 120, 8949, 98, 979, 102, 1177, 963, 30]","Mary Elizabeth Braddon,Nathaniel Hawthorne,Henry Rider Haggard,Bret Harte,Oliver Optic,Joseph Conrad,Anthony Trollope,Frances Hodgson Burnett,Jack London,James Grant,Wilkie Collins,John Kendrick Bangs,Louisa May Alcott,Mrs Henry Wood,Margaret Oliphant,H.G. Wells"
16,21,"[102, 125, 8949, 28, 324, 1321, 2957, 120, 365, 1057, 963, 30, 593, 1177, 98, 979]","Louisa May Alcott,Joseph Conrad,James Grant,Nathaniel Hawthorne,Anthony Trollope,Marie Corelli,Mary Elizabeth Braddon,Jack London,Henry Rider Haggard,Fergus Hume,Margaret Oliphant,H.G. Wells,Bret Harte,Mrs Henry Wood,Wilkie Collins,John Kendrick Bangs"
16,22,"[120, 963, 69, 28, 98, 979, 2957, 260, 102, 53, 30, 1321, 1057, 324, 73, 593]","Jack London,Margaret Oliphant,Arthur Conan Doyle,Nathaniel Hawthorne,Wilkie Collins,John Kendrick Bangs,Mary Elizabeth Braddon,Oliver Optic,Louisa May Alcott,Mark Twain,H.G. Wells,Marie Corelli,Fergus Hume,Anthony Trollope,Frances Hodgson Burnett,Bret Harte"
16,23,"[28, 30, 1057, 125, 1321, 102, 260, 963, 73, 365, 98, 1177, 69, 593, 53, 2957]","Nathaniel Hawthorne,H.G. Wells,Fergus Hume,Joseph Conrad,Marie Corelli,Louisa May Alcott,Oliver Optic,Margaret Oliphant,Frances Hodgson Burnett,Henry Rider Haggard,Wilkie Collins,Mrs Henry Wood,Arthur Conan Doyle,Bret Harte,Mark Twain,Mary Elizabeth Braddon"
16,24,"[98, 8949, 260, 73, 53, 324, 69, 365, 1057, 120, 1321, 1177, 593, 102, 28, 979]","Wilkie Collins,James Grant,Oliver Optic,Frances Hodgson Burnett,Mark Twain,Anthony Trollope,Arthur Conan Doyle,Henry Rider Haggard,Fergus Hume,Jack London,Marie Corelli,Mrs Henry Wood,Bret Harte,Louisa May Alcott,Nathaniel Hawthorne,John Kendrick Bangs"
16,25,"[260, 73, 979, 8949, 102, 963, 69, 1057, 98, 1321, 2957, 30, 324, 365, 53, 125]","Oliver Optic,Frances Hodgson Burnett,John Kendrick Bangs,James Grant,Louisa May Alcott,Margaret Oliphant,Arthur Conan Doyle,Fergus Hume,Wilkie Collins,Marie Corelli,Mary Elizabeth Braddon,H.G. Wells,Anthony Trollope,Henry Rider Haggard,Mark Twain,Joseph Conrad"
16,26,"[73, 30, 260, 102, 69, 125, 98, 324, 120, 593, 2957, 963, 8949, 1177, 1057, 1321]","Frances Hodgson Burnett,H.G. Wells,Oliver Optic,Louisa May Alcott,Arthur Conan Doyle,Joseph Conrad,Wilkie Collins,Anthony Trollope,Jack London,Bret Harte,Mary Elizabeth Braddon,Margaret Oliphant,James Grant,Mrs Henry Wood,Fergus Hume,Marie Corelli"
16,27,"[1057, 30, 98, 53, 2957, 1177, 979, 260, 8949, 102, 73, 120, 1321, 28, 125, 365]","Fergus Hume,H.G. Wells,Wilkie Collins,Mark Twain,Mary Elizabeth Braddon,Mrs Henry Wood,John Kendrick Bangs,Oliver Optic,James Grant,Louisa May Alcott,Frances Hodgson Burnett,Jack London,Marie Corelli,Nathaniel Hawthorne,Joseph Conrad,Henry Rider Haggard"
16,28,"[53, 73, 1177, 2957, 260, 1057, 102, 365, 125, 69, 963, 30, 28, 98, 120, 979]","Mark Twain,Frances Hodgson Burnett,Mrs Henry Wood,Mary Elizabeth Braddon,Oliver Optic,Fergus Hume,Louisa May Alcott,Henry Rider Haggard,Joseph Conrad,Arthur Conan Doyle,Margaret Oliphant,H.G. Wells,Nathaniel Hawthorne,Wilkie Collins,Jack London,John Kendrick Bangs"
16,29,"[53, 963, 1177, 125, 30, 1057, 73, 120, 1321, 365, 69, 98, 260, 979, 2957, 28]","Mark Twain,Margaret Oliphant,Mrs Henry Wood,Joseph Conrad,H.G. Wells,Fergus Hume,Frances Hodgson Burnett,Jack London,Marie Corelli,Henry Rider Haggard,Arthur Conan Doyle,Wilkie Collins,Oliver Optic,John Kendrick Bangs,Mary Elizabeth Braddon,Nathaniel Hawthorne"
16,30,"[1057, 69, 324, 1321, 30, 53, 102, 120, 28, 73, 2957, 963, 260, 8949, 98, 979]","Fergus Hume,Arthur Conan Doyle,Anthony Trollope,Marie Corelli,H.G. Wells,Mark Twain,Louisa May Alcott,Jack London,Nathaniel Hawthorne,Frances Hodgson Burnett,Mary Elizabeth Braddon,Margaret Oliphant,Oliver Optic,James Grant,Wilkie Collins,John Kendrick Bangs"
16,31,"[365, 324, 28, 73, 120, 125, 8949, 53, 102, 1321, 593, 98, 979, 30, 963, 69]","Henry Rider Haggard,Anthony Trollope,Nathaniel Hawthorne,Frances Hodgson Burnett,Jack London,Joseph Conrad,James Grant,Mark Twain,Louisa May Alcott,Marie Corelli,Bret Harte,Wilkie Collins,John Kendrick Bangs,H.G. Wells,Margaret Oliphant,Arthur Conan Doyle"
16,32,"[28, 30, 73, 2957, 120, 1177, 324, 1321, 98, 593, 1057, 69, 963, 102, 125, 53]","Nathaniel Hawthorne,H.G. Wells,Frances Hodgson Burnett,Mary Elizabeth Braddon,Jack London,Mrs Henry Wood,Anthony Trollope,Marie Corelli,Wilkie Collins,Bret Harte,Fergus Hume,Arthur Conan Doyle,Margaret Oliphant,Louisa May Alcott,Joseph Conrad,Mark Twain"
16,33,"[69, 125, 8949, 120, 53, 963, 28, 593, 2957, 73, 98, 979, 1177, 324, 1057, 1321]","Arthur Conan Doyle,Joseph Conrad,James Grant,Jack London,Mark Twain,Margaret Oliphant,Nathaniel Hawthorne,Bret Harte,Mary Elizabeth Braddon,Frances Hodgson Burnett,Wilkie Collins,John Kendrick Bangs,Mrs Henry Wood,Anthony Trollope,Fergus Hume,Marie Corelli"
16,34,"[102, 69, 324, 120, 30, 125, 1057, 2957, 1177, 8949, 1321, 365, 963, 28, 98, 73]","Louisa May Alcott,Arthur Conan Doyle,Anthony Trollope,Jack London,H.G. Wells,Joseph Conrad,Fergus Hume,Mary Elizabeth Braddon,Mrs Henry Wood,James Grant,Marie Corelli,Henry Rider Haggard,Margaret Oliphant,Nathaniel Hawthorne,Wilkie Collins,Frances Hodgson Burnett"
16,35,"[979, 1057, 365, 2957, 8949, 120, 1177, 260, 1321, 593, 28, 324, 98, 963, 125, 73]","John Kendrick Bangs,Fergus Hume,Henry Rider Haggard,Mary Elizabeth Braddon,James Grant,Jack London,Mrs Henry Wood,Oliver Optic,Marie Corelli,Bret Harte,Nathaniel Hawthorne,Anthony Trollope,Wilkie Collins,Margaret Oliphant,Joseph Conrad,Frances Hodgson Burnett"
16,36,"[120, 8949, 73, 260, 69, 365, 593, 1177, 1057, 30, 102, 98, 979, 324, 28, 53]","Jack London,James Grant,Frances Hodgson Burnett,Oliver Optic,Arthur Conan Doyle,Henry Rider Haggard,Bret Harte,Mrs Henry Wood,Fergus Hume,H.G. Wells,Louisa May Alcott,Wilkie Collins,John Kendrick Bangs,Anthony Trollope,Nathaniel Hawthorne,Mark Twain"
16,37,"[102, 120, 1057, 28, 53, 125, 593, 963, 8949, 2957, 365, 260, 979, 98, 73, 324]","Louisa May Alcott,Jack London,Fergus Hume,Nathaniel Hawthorne,Mark Twain,Joseph Conrad,Bret Harte,Margaret Oliphant,James Grant,Mary Elizabeth Braddon,Henry Rider Haggard,Oliver Optic,John Kendrick Bangs,Wilkie Collins,Frances Hodgson Burnett,Anthony Trollope"
16,38,"[28, 963, 979, 1321, 1057, 73, 260, 8949, 593, 125, 69, 2957, 1177, 53, 365, 120]","Nathaniel Hawthorne,Margaret Oliphant,John Kendrick Bangs,Marie Corelli,Fergus Hume,Frances Hodgson Burnett,Oliver Optic,James Grant,Bret Harte,Joseph Conrad,Arthur Conan Doyle,Mary Elizabeth Braddon,Mrs Henry Wood,Mark Twain,Henry Rider Haggard,Jack London"
16,39,"[102, 979, 2957, 324, 53, 593, 8949, 98, 73, 125, 30, 28, 1177, 365, 69, 120]","Louisa May Alcott,John Kendrick Bangs,Mary Elizabeth Braddon,Anthony Trollope,Mark Twain,Bret Harte,James Grant,Wilkie Collins,Frances Hodgson Burnett,Joseph Conrad,H.G. Wells,Nathaniel Hawthorne,Mrs Henry Wood,Henry Rider Haggard,Arthur Conan Doyle,Jack London"
16,40,"[125, 963, 53, 28, 120, 1177, 73, 102, 365, 8949, 593, 1321, 2957, 979, 324, 260]","Joseph Conrad,Margaret Oliphant,Mark Twain,Nathaniel Hawthorne,Jack London,Mrs Henry Wood,Frances Hodgson Burnett,Louisa May Alcott,Henry Rider Haggard,James Grant,Bret Harte,Marie Corelli,Mary Elizabeth Braddon,John Kendrick Bangs,Anthony Trollope,Oliver Optic"
16,41,"[8949, 28, 1321, 125, 979, 69, 1177, 120, 963, 73, 324, 1057, 260, 53, 365, 30]","James Grant,Nathaniel Hawthorne,Marie Corelli,Joseph Conrad,John Kendrick Bangs,Arthur Conan Doyle,Mrs Henry Wood,Jack London,Margaret Oliphant,Frances Hodgson Burnett,Anthony Trollope,Fergus Hume,Oliver Optic,Mark Twain,Henry Rider Haggard,H.G. Wells"
16,42,"[102, 2957, 98, 53, 1321, 120, 30, 979, 963, 125, 324, 28, 8949, 260, 1177, 365]","Louisa May Alcott,Mary Elizabeth Braddon,Wilkie Collins,Mark Twain,Marie Corelli,Jack London,H.G. Wells,John Kendrick Bangs,Margaret Oliphant,Joseph Conrad,Anthony Trollope,Nathaniel Hawthorne,James Grant,Oliver Optic,Mrs Henry Wood,Henry Rider Haggard"
16,43,"[102, 73, 979, 963, 593, 8949, 260, 2957, 53, 69, 1177, 125, 30, 120, 1321, 28]","Louisa May Alcott,Frances Hodgson Burnett,John Kendrick Bangs,Margaret Oliphant,Bret Harte,James Grant,Oliver Optic,Mary Elizabeth Braddon,Mark Twain,Arthur Conan Doyle,Mrs Henry Wood,Joseph Conrad,H.G. Wells,Jack London,Marie Corelli,Nathaniel Hawthorne"
16,44,"[125, 1321, 2957, 120, 365, 53, 73, 593, 102, 1057, 98, 963, 8949, 1177, 30, 324]","Joseph Conrad,Marie Corelli,Mary Elizabeth Braddon,Jack London,Henry Rider Haggard,Mark Twain,Frances Hodgson Burnett,Bret Harte,Louisa May Alcott,Fergus Hume,Wilkie Collins,Margaret Oliphant,James Grant,Mrs Henry Wood,H.G. Wells,Anthony Trollope"
16,45,"[963, 53, 324, 365, 1057, 979, 8949, 102, 69, 593, 120, 98, 30, 1177, 2957, 125]","Margaret Oliphant,Mark Twain,Anthony Trollope,Henry Rider Haggard,Fergus Hume,John Kendrick Bangs,James Grant,Louisa May Alcott,Arthur Conan Doyle,Bret Harte,Jack London,Wilkie Collins,H.G. Wells,Mrs Henry Wood,Mary Elizabeth Braddon,Joseph Conrad"
16,46,"[593, 979, 120, 69, 324, 1057, 53, 73, 260, 102, 365, 125, 30, 1321, 8949, 963]","Bret Harte,John Kendrick Bangs,Jack London,Arthur Conan Doyle,Anthony Trollope,Fergus Hume,Mark Twain,Frances Hodgson Burnett,Oliver Optic,Louisa May Alcott,Henry Rider Haggard,Joseph Conrad,H.G. Wells,Marie Corelli,James Grant,Margaret Oliphant"
16,47,"[324, 8949, 979, 1177, 125, 2957, 1321, 1057, 963, 120, 593, 28, 73, 365, 30, 69]","Anthony Trollope,James Grant,John Kendrick Bangs,Mrs Henry Wood,Joseph Conrad,Mary Elizabeth Braddon,Marie Corelli,Fergus Hume,Margaret Oliphant,Jack London,Bret Harte,Nathaniel Hawthorne,Frances Hodgson Burnett,Henry Rider Haggard,H.G. Wells,Arthur Conan Doyle"
16,48,"[593, 120, 98, 28, 979, 53, 324, 8949, 1177, 30, 260, 102, 125, 73, 963, 2957]","Bret Harte,Jack London,Wilkie Collins,Nathaniel Hawthorne,John Kendrick Bangs,Mark Twain,Anthony Trollope,James Grant,Mrs Henry Wood,H.G. Wells,Oliver Optic,Louisa May Alcott,Joseph Conrad,Frances Hodgson Burnett,Margaret Oliphant,Mary Elizabeth Braddon"
16,49,"[1177, 102, 125, 73, 1321, 8949, 69, 120, 1057, 30, 963, 979, 2957, 260, 593, 28]","Mrs Henry Wood,Louisa May Alcott,Joseph Conrad,Frances Hodgson Burnett,Marie Corelli,James Grant,Arthur Conan Doyle,Jack London,Fergus Hume,H.G. Wells,Margaret Oliphant,John Kendrick Bangs,Mary Elizabeth Braddon,Oliver Optic,Bret Harte,Nathaniel Hawthorne"
16,50,"[324, 120, 963, 2957, 365, 28, 53, 30, 979, 73, 260, 1057, 125, 8949, 1177, 69]","Anthony Trollope,Jack London,Margaret Oliphant,Mary Elizabeth Braddon,Henry Rider Haggard,Nathaniel Hawthorne,Mark Twain,H.G. Wells,John Kendrick Bangs,Frances Hodgson Burnett,Oliver Optic,Fergus Hume,Joseph Conrad,James Grant,Mrs Henry Wood,Arthur Conan Doyle"
18,1,"[53, 125, 8949, 1057, 73, 365, 593, 98, 102, 69, 324, 30, 1177, 28, 2957, 963, 979, 1321]","Mark Twain,Joseph Conrad,James Grant,Fergus Hume,Frances Hodgson Burnett,Henry Rider Haggard,Bret Harte,Wilkie Collins,Louisa May Alcott,Arthur Conan Doyle,Anthony Trollope,H.G. Wells,Mrs Henry Wood,Nathaniel Hawthorne,Mary Elizabeth Braddon,Margaret Oliphant,John Kendrick Bangs,Marie Corelli"
18,2,"[8949, 69, 260, 102, 365, 125, 53, 30, 28, 593, 979, 1177, 1057, 73, 1321, 324, 963, 98]","James Grant,Arthur Conan Doyle,Oliver Optic,Louisa May Alcott,Henry Rider Haggard,Joseph Conrad,Mark Twain,H.G. Wells,Nathaniel Hawthorne,Bret Harte,John Kendrick Bangs,Mrs Henry Wood,Fergus Hume,Frances Hodgson Burnett,Marie Corelli,Anthony Trollope,Margaret Oliphant,Wilkie Collins"
18,3,"[1321, 73, 102, 1057, 69, 53, 8949, 125, 260, 28, 30, 963, 593, 98, 120, 365, 1177, 324]","Marie Corelli,Frances Hodgson Burnett,Louisa May Alcott,Fergus Hume,Arthur Conan Doyle,Mark Twain,James Grant,Joseph Conrad,Oliver Optic,Nathaniel Hawthorne,H.G. Wells,Margaret Oliphant,Bret Harte,Wilkie Collins,Jack London,Henry Rider Haggard,Mrs Henry Wood,Anthony Trollope"
18,4,"[1321, 1057, 73, 324, 53, 979, 120, 2957, 30, 1177, 28, 69, 260, 8949, 98, 365, 593, 963]","Marie Corelli,Fergus Hume,Frances Hodgson Burnett,Anthony Trollope,Mark Twain,John Kendrick Bangs,Jack London,Mary Elizabeth Braddon,H.G. Wells,Mrs Henry Wood,Nathaniel Hawthorne,Arthur Conan Doyle,Oliver Optic,James Grant,Wilkie Collins,Henry Rider Haggard,Bret Harte,Margaret Oliphant"
18,5,"[593, 98, 1177, 979, 2957, 125, 30, 102, 260, 1321, 69, 963, 28, 73, 324, 365, 120, 53]","Bret Harte,Wilkie Collins,Mrs Henry Wood,John Kendrick Bangs,Mary Elizabeth Braddon,Joseph Conrad,H.G. Wells,Louisa May Alcott,Oliver Optic,Marie Corelli,Arthur Conan Doyle,Margaret Oliphant,Nathaniel Hawthorne,Frances Hodgson Burnett,Anthony Trollope,Henry Rider Haggard,Jack London,Mark Twain"
18,6,"[53, 69, 260, 1177, 125, 365, 120, 102, 73, 324, 28, 98, 30, 1321, 1057, 593, 963, 8949]","Mark Twain,Arthur Conan Doyle,Oliver Optic,Mrs Henry Wood,Joseph Conrad,Henry Rider Haggard,Jack London,Louisa May Alcott,Frances Hodgson Burnett,Anthony Trollope,Nathaniel Hawthorne,Wilkie Collins,H.G. Wells,Marie Corelli,Fergus Hume,Bret Harte,Margaret Oliphant,James Grant"
18,7,"[30, 2957, 1177, 125, 1321, 8949, 69, 324, 102, 260, 365, 1057, 979, 98, 53, 593, 73, 963]","H.G. Wells,Mary Elizabeth Braddon,Mrs Henry Wood,Joseph Conrad,Marie Corelli,James Grant,Arthur Conan Doyle,Anthony Trollope,Louisa May Alcott,Oliver Optic,Henry Rider Haggard,Fergus Hume,John Kendrick Bangs,Wilkie Collins,Mark Twain,Bret Harte,Frances Hodgson Burnett,Margaret Oliphant"
18,8,"[102, 260, 120, 8949, 98, 28, 979, 593, 69, 1177, 73, 30, 365, 53, 1057, 1321, 963, 125]","Louisa May Alcott,Oliver Optic,Jack London,James Grant,Wilkie Collins,Nathaniel Hawthorne,John Kendrick Bangs,Bret Harte,Arthur Conan Doyle,Mrs Henry Wood,Frances Hodgson Burnett,H.G. Wells,Henry Rider Haggard,Mark Twain,Fergus Hume,Marie Corelli,Margaret Oliphant,Joseph Conrad"
18,9,"[365, 53, 8949, 1321, 73, 125, 69, 98, 324, 1177, 120, 979, 1057, 260, 2957, 30, 963, 28]","Henry Rider Haggard,Mark Twain,James Grant,Marie Corelli,Frances Hodgson Burnett,Joseph Conrad,Arthur Conan Doyle,Wilkie Collins,Anthony Trollope,Mrs Henry Wood,Jack London,John Kendrick Bangs,Fergus Hume,Oliver Optic,Mary Elizabeth Braddon,H.G. Wells,Margaret Oliphant,Nathaniel Hawthorne"
18,10,"[979, 73, 28, 2957, 120, 30, 53, 1177, 324, 365, 125, 1321, 260, 1057, 102, 69, 593, 98]","John Kendrick Bangs,Frances Hodgson Burnett,Nathaniel Hawthorne,Mary Elizabeth Braddon,Jack London,H.G. Wells,Mark Twain,Mrs Henry Wood,Anthony Trollope,Henry Rider Haggard,Joseph Conrad,Marie Corelli,Oliver Optic,Fergus Hume,Louisa May Alcott,Arthur Conan Doyle,Bret Harte,Wilkie Collins"
18,11,"[365, 73, 8949, 125, 1321, 979, 2957, 120, 593, 98, 30, 28, 53, 102, 324, 963, 1177, 69]","Henry Rider Haggard,Frances Hodgson Burnett,James Grant,Joseph Conrad,Marie Corelli,John Kendrick Bangs,Mary Elizabeth Braddon,Jack London,Bret Harte,Wilkie Collins,H.G. Wells,Nathaniel Hawthorne,Mark Twain,Louisa May Alcott,Anthony Trollope,Margaret Oliphant,Mrs Henry Wood,Arthur Conan Doyle"
18,12,"[8949, 1177, 98, 53, 1057, 260, 2957, 120, 102, 69, 324, 365, 30, 963, 73, 125, 1321, 28]","James Grant,Mrs Henry Wood,Wilkie Collins,Mark Twain,Fergus Hume,Oliver Optic,Mary Elizabeth Braddon,Jack London,Louisa May Alcott,Arthur Conan Doyle,Anthony Trollope,Henry Rider Haggard,H.G. Wells,Margaret Oliphant,Frances Hodgson Burnett,Joseph Conrad,Marie Corelli,Nathaniel Hawthorne"
18,13,"[1177, 30, 1321, 963, 8949, 102, 28, 593, 53, 120, 979, 69, 2957, 98, 125, 324, 365, 73]","Mrs Henry Wood,H.G. Wells,Marie Corelli,Margaret Oliphant,James Grant,Louisa May Alcott,Nathaniel Hawthorne,Bret Harte,Mark Twain,Jack London,John Kendrick Bangs,Arthur Conan Doyle,Mary Elizabeth Braddon,Wilkie Collins,Joseph Conrad,Anthony Trollope,Henry Rider Haggard,Frances Hodgson Burnett"
18,14,"[53, 979, 963, 260, 120, 73, 30, 102, 8949, 1177, 365, 98, 1057, 2957, 593, 1321, 69, 125]","Mark Twain,John Kendrick Bangs,Margaret Oliphant,Oliver Optic,Jack London,Frances Hodgson Burnett,H.G. Wells,Louisa May Alcott,James Grant,Mrs Henry Wood,Henry Rider Haggard,Wilkie Collins,Fergus Hume,Mary Elizabeth Braddon,Bret Harte,Marie Corelli,Arthur Conan Doyle,Joseph Conrad"
18,15,"[125, 2957, 260, 365, 73, 28, 1321, 53, 30, 979, 102, 1057, 120, 8949, 593, 324, 98, 963]","Joseph Conrad,Mary Elizabeth Braddon,Oliver Optic,Henry Rider Haggard,Frances Hodgson Burnett,Nathaniel Hawthorne,Marie Corelli,Mark Twain,H.G. Wells,John Kendrick Bangs,Louisa May Alcott,Fergus Hume,Jack London,James Grant,Bret Harte,Anthony Trollope,Wilkie Collins,Margaret Oliphant"
18,16,"[1057, 30, 120, 979, 365, 593, 1177, 324, 73, 69, 28, 102, 125, 1321, 53, 260, 963, 8949]","Fergus Hume,H.G. Wells,Jack London,John Kendrick Bangs,Henry Rider Haggard,Bret Harte,Mrs Henry Wood,Anthony Trollope,Frances Hodgson Burnett,Arthur Conan Doyle,Nathaniel Hawthorne,Louisa May Alcott,Joseph Conrad,Marie Corelli,Mark Twain,Oliver Optic,Margaret Oliphant,James Grant"
18,17,"[73, 593, 53, 98, 30, 120, 102, 28, 2957, 1321, 979, 125, 963, 1177, 1057, 69, 365, 8949]","Frances Hodgson Burnett,Bret Harte,Mark Twain,Wilkie Collins,H.G. Wells,Jack London,Louisa May Alcott,Nathaniel Hawthorne,Mary Elizabeth Braddon,Marie Corelli,John Kendrick Bangs,Joseph Conrad,Margaret Oliphant,Mrs Henry Wood,Fergus Hume,Arthur Conan Doyle,Henry Rider Haggard,James Grant"
18,18,"[98, 8949, 2957, 1177, 73, 260, 1321, 324, 979, 120, 593, 125, 53, 102, 365, 30, 69, 963]","Wilkie Collins,James Grant,Mary Elizabeth Braddon,Mrs Henry Wood,Frances Hodgson Burnett,Oliver Optic,Marie Corelli,Anthony Trollope,John Kendrick Bangs,Jack London,Bret Harte,Joseph Conrad,Mark Twain,Louisa May Alcott,Henry Rider Haggard,H.G. Wells,Arthur Conan Doyle,Margaret Oliphant"
18,19,"[69, 979, 8949, 120, 30, 1177, 2957, 125, 1321, 963, 102, 28, 324, 1057, 98, 365, 73, 260]","Arthur Conan Doyle,John Kendrick Bangs,James Grant,Jack London,H.G. Wells,Mrs Henry Wood,Mary Elizabeth Braddon,Joseph Conrad,Marie Corelli,Margaret Oliphant,Louisa May Alcott,Nathaniel Hawthorne,Anthony Trollope,Fergus Hume,Wilkie Collins,Henry Rider Haggard,Frances Hodgson Burnett,Oliver Optic"
18,20,"[1321, 593, 69, 1057, 8949, 102, 963, 30, 53, 28, 979, 120, 324, 1177, 2957, 365, 125, 73]","Marie Corelli,Bret Harte,Arthur Conan Doyle,Fergus Hume,James Grant,Louisa May Alcott,Margaret Oliphant,H.G. Wells,Mark Twain,Nathaniel Hawthorne,John Kendrick Bangs,Jack London,Anthony Trollope,Mrs Henry Wood,Mary Elizabeth Braddon,Henry Rider Haggard,Joseph Conrad,Frances Hodgson Burnett"
18,21,"[98, 73, 69, 324, 1321, 28, 963, 1177, 102, 593, 30, 1057, 120, 979, 2957, 260, 125, 365]","Wilkie Collins,Frances Hodgson Burnett,Arthur Conan Doyle,Anthony Trollope,Marie Corelli,Nathaniel Hawthorne,Margaret Oliphant,Mrs Henry Wood,Louisa May Alcott,Bret Harte,H.G. Wells,Fergus Hume,Jack London,John Kendrick Bangs,Mary Elizabeth Braddon,Oliver Optic,Joseph Conrad,Henry Rider Haggard"
18,22,"[8949, 2957, 324, 125, 53, 1057, 963, 28, 98, 365, 30, 120, 593, 1177, 69, 979, 260, 102]","James Grant,Mary Elizabeth Braddon,Anthony Trollope,Joseph Conrad,Mark Twain,Fergus Hume,Margaret Oliphant,Nathaniel Hawthorne,Wilkie Collins,Henry Rider Haggard,H.G. Wells,Jack London,Bret Harte,Mrs Henry Wood,Arthur Conan Doyle,John Kendrick Bangs,Oliver Optic,Louisa May Alcott"
18,23,"[365, 53, 8949, 98, 102, 69, 979, 73, 28, 30, 125, 1177, 1057, 324, 963, 260, 120, 593]","Henry Rider Haggard,Mark Twain,James Grant,Wilkie Collins,Louisa May Alcott,Arthur Conan Doyle,John Kendrick Bangs,Frances Hodgson Burnett,Nathaniel Hawthorne,H.G. Wells,Joseph Conrad,Mrs Henry Wood,Fergus Hume,Anthony Trollope,Margaret Oliphant,Oliver Optic,Jack London,Bret Harte"
18,24,"[2957, 30, 125, 28, 120, 8949, 324, 53, 1321, 1057, 593, 260, 102, 979, 98, 365, 963, 1177]","Mary Elizabeth Braddon,H.G. Wells,Joseph Conrad,Nathaniel Hawthorne,Jack London,James Grant,Anthony Trollope,Mark Twain,Marie Corelli,Fergus Hume,Bret Harte,Oliver Optic,Louisa May Alcott,John Kendrick Bangs,Wilkie Collins,Henry Rider Haggard,Margaret Oliphant,Mrs Henry Wood"
18,25,"[8949, 365, 28, 125, 73, 1177, 593, 30, 120, 979, 1321, 102, 53, 1057, 98, 260, 324, 2957]","James Grant,Henry Rider Haggard,Nathaniel Hawthorne,Joseph Conrad,Frances Hodgson Burnett,Mrs Henry Wood,Bret Harte,H.G. Wells,Jack London,John Kendrick Bangs,Marie Corelli,Louisa May Alcott,Mark Twain,Fergus Hume,Wilkie Collins,Oliver Optic,Anthony Trollope,Mary Elizabeth Braddon"
18,26,"[365, 1057, 979, 1321, 324, 120, 73, 260, 69, 102, 593, 30, 2957, 8949, 53, 1177, 963, 125]","Henry Rider Haggard,Fergus Hume,John Kendrick Bangs,Marie Corelli,Anthony Trollope,Jack London,Frances Hodgson Burnett,Oliver Optic,Arthur Conan Doyle,Louisa May Alcott,Bret Harte,H.G. Wells,Mary Elizabeth Braddon,James Grant,Mark Twain,Mrs Henry Wood,Margaret Oliphant,Joseph Conrad"
18,27,"[2957, 1177, 260, 365, 963, 120, 979, 30, 69, 73, 53, 98, 125, 102, 8949, 1057, 593, 28]","Mary Elizabeth Braddon,Mrs Henry Wood,Oliver Optic,Henry Rider Haggard,Margaret Oliphant,Jack London,John Kendrick Bangs,H.G. Wells,Arthur Conan Doyle,Frances Hodgson Burnett,Mark Twain,Wilkie Collins,Joseph Conrad,Louisa May Alcott,James Grant,Fergus Hume,Bret Harte,Nathaniel Hawthorne"
18,28,"[69, 53, 2957, 1321, 593, 260, 963, 102, 8949, 28, 30, 73, 1177, 365, 324, 1057, 98, 120]","Arthur Conan Doyle,Mark Twain,Mary Elizabeth Braddon,Marie Corelli,Bret Harte,Oliver Optic,Margaret Oliphant,Louisa May Alcott,James Grant,Nathaniel Hawthorne,H.G. Wells,Frances Hodgson Burnett,Mrs Henry Wood,Henry Rider Haggard,Anthony Trollope,Fergus Hume,Wilkie Collins,Jack London"
18,29,"[8949, 979, 365, 98, 593, 324, 1321, 73, 102, 1177, 2957, 963, 1057, 30, 120, 28, 125, 69]","James Grant,John Kendrick Bangs,Henry Rider Haggard,Wilkie Collins,Bret Harte,Anthony Trollope,Marie Corelli,Frances Hodgson Burnett,Louisa May Alcott,Mrs Henry Wood,Mary Elizabeth Braddon,Margaret Oliphant,Fergus Hume,H.G. Wells,Jack London,Nathaniel Hawthorne,Joseph Conrad,Arthur Conan Doyle"
18,30,"[69, 963, 53, 98, 1321, 73, 1177, 365, 324, 120, 1057, 260, 28, 979, 8949, 593, 2957, 102]","Arthur Conan Doyle,Margaret Oliphant,Mark Twain,Wilkie Collins,Marie Corelli,Frances Hodgson Burnett,Mrs Henry Wood,Henry Rider Haggard,Anthony Trollope,Jack London,Fergus Hume,Oliver Optic,Nathaniel Hawthorne,John Kendrick Bangs,James Grant,Bret Harte,Mary Elizabeth Braddon,Louisa May Alcott"
18,31,"[125, 1057, 1321, 30, 365, 28, 102, 1177, 98, 8949, 979, 2957, 53, 120, 593, 69, 260, 324]","Joseph Conrad,Fergus Hume,Marie Corelli,H.G. Wells,Henry Rider Haggard,Nathaniel Hawthorne,Louisa May Alcott,Mrs Henry Wood,Wilkie Collins,James Grant,John Kendrick Bangs,Mary Elizabeth Braddon,Mark Twain,Jack London,Bret Harte,Arthur Conan Doyle,Oliver Optic,Anthony Trollope"
18,32,"[1321, 98, 1057, 2957, 593, 120, 324, 963, 260, 30, 102, 125, 53, 28, 365, 1177, 69, 8949]","Marie Corelli,Wilkie Collins,Fergus Hume,Mary Elizabeth Braddon,Bret Harte,Jack London,Anthony Trollope,Margaret Oliphant,Oliver Optic,H.G. Wells,Louisa May Alcott,Joseph Conrad,Mark Twain,Nathaniel Hawthorne,Henry Rider Haggard,Mrs Henry Wood,Arthur Conan Doyle,James Grant"
18,33,"[365, 324, 260, 593, 2957, 73, 125, 53, 30, 28, 8949, 102, 120, 98, 1321, 963, 69, 1177]","Henry Rider Haggard,Anthony Trollope,Oliver Optic,Bret Harte,Mary Elizabeth Braddon,Frances Hodgson Burnett,Joseph Conrad,Mark Twain,H.G. Wells,Nathaniel Hawthorne,James Grant,Louisa May Alcott,Jack London,Wilkie Collins,Marie Corelli,Margaret Oliphant,Arthur Conan Doyle,Mrs Henry Wood"
18,34,"[73, 98, 2957, 69, 102, 53, 979, 324, 963, 1057, 1321, 365, 260, 28, 8949, 593, 30, 1177]","Frances Hodgson Burnett,Wilkie Collins,Mary Elizabeth Braddon,Arthur Conan Doyle,Louisa May Alcott,Mark Twain,John Kendrick Bangs,Anthony Trollope,Margaret Oliphant,Fergus Hume,Marie Corelli,Henry Rider Haggard,Oliver Optic,Nathaniel Hawthorne,James Grant,Bret Harte,H.G. Wells,Mrs Henry Wood"
18,35,"[8949, 963, 1057, 69, 1177, 2957, 53, 73, 98, 125, 260, 324, 102, 593, 30, 1321, 979, 120]","James Grant,Margaret Oliphant,Fergus Hume,Arthur Conan Doyle,Mrs Henry Wood,Mary Elizabeth Braddon,Mark Twain,Frances Hodgson Burnett,Wilkie Collins,Joseph Conrad,Oliver Optic,Anthony Trollope,Louisa May Alcott,Bret Harte,H.G. Wells,Marie Corelli,John Kendrick Bangs,Jack London"
18,36,"[98, 1177, 53, 125, 2957, 30, 120, 979, 260, 324, 8949, 1057, 28, 593, 365, 102, 1321, 73]","Wilkie Collins,Mrs Henry Wood,Mark Twain,Joseph Conrad,Mary Elizabeth Braddon,H.G. Wells,Jack London,John Kendrick Bangs,Oliver Optic,Anthony Trollope,James Grant,Fergus Hume,Nathaniel Hawthorne,Bret Harte,Henry Rider Haggard,Louisa May Alcott,Marie Corelli,Frances Hodgson Burnett"
18,37,"[365, 1177, 69, 28, 8949, 98, 1321, 120, 125, 73, 963, 30, 53, 1057, 2957, 593, 102, 324]","Henry Rider Haggard,Mrs Henry Wood,Arthur Conan Doyle,Nathaniel Hawthorne,James Grant,Wilkie Collins,Marie Corelli,Jack London,Joseph Conrad,Frances Hodgson Burnett,Margaret Oliphant,H.G. Wells,Mark Twain,Fergus Hume,Mary Elizabeth Braddon,Bret Harte,Louisa May Alcott,Anthony Trollope"
18,38,"[102, 69, 120, 98, 260, 593, 1177, 324, 53, 125, 30, 2957, 963, 28, 8949, 1321, 979, 73]","Louisa May Alcott,Arthur Conan Doyle,Jack London,Wilkie Collins,Oliver Optic,Bret Harte,Mrs Henry Wood,Anthony Trollope,Mark Twain,Joseph Conrad,H.G. Wells,Mary Elizabeth Braddon,Margaret Oliphant,Nathaniel Hawthorne,James Grant,Marie Corelli,John Kendrick Bangs,Frances Hodgson Burnett"
18,39,"[69, 30, 98, 102, 1057, 593, 125, 120, 53, 28, 260, 2957, 8949, 1321, 1177, 979, 963, 324]","Arthur Conan Doyle,H.G. Wells,Wilkie Collins,Louisa May Alcott,Fergus Hume,Bret Harte,Joseph Conrad,Jack London,Mark Twain,Nathaniel Hawthorne,Oliver Optic,Mary Elizabeth Braddon,James Grant,Marie Corelli,Mrs Henry Wood,John Kendrick Bangs,Margaret Oliphant,Anthony Trollope"
18,40,"[324, 593, 2957, 260, 98, 1177, 365, 30, 28, 8949, 963, 125, 1057, 73, 53, 102, 120, 69]","Anthony Trollope,Bret Harte,Mary Elizabeth Braddon,Oliver Optic,Wilkie Collins,Mrs Henry Wood,Henry Rider Haggard,H.G. Wells,Nathaniel Hawthorne,James Grant,Margaret Oliphant,Joseph Conrad,Fergus Hume,Frances Hodgson Burnett,Mark Twain,Louisa May Alcott,Jack London,Arthur Conan Doyle"
18,41,"[365, 98, 73, 120, 53, 28, 260, 1321, 69, 30, 979, 324, 2957, 1057, 8949, 593, 125, 1177]","Henry Rider Haggard,Wilkie Collins,Frances Hodgson Burnett,Jack London,Mark Twain,Nathaniel Hawthorne,Oliver Optic,Marie Corelli,Arthur Conan Doyle,H.G. Wells,John Kendrick Bangs,Anthony Trollope,Mary Elizabeth Braddon,Fergus Hume,James Grant,Bret Harte,Joseph Conrad,Mrs Henry Wood"
18,42,"[125, 593, 53, 2957, 73, 1057, 98, 1321, 979, 365, 8949, 1177, 260, 30, 324, 69, 120, 102]","Joseph Conrad,Bret Harte,Mark Twain,Mary Elizabeth Braddon,Frances Hodgson Burnett,Fergus Hume,Wilkie Collins,Marie Corelli,John Kendrick Bangs,Henry Rider Haggard,James Grant,Mrs Henry Wood,Oliver Optic,H.G. Wells,Anthony Trollope,Arthur Conan Doyle,Jack London,Louisa May Alcott"
18,43,"[1321, 73, 69, 8949, 2957, 53, 593, 120, 102, 365, 98, 30, 260, 28, 125, 1057, 324, 979]","Marie Corelli,Frances Hodgson Burnett,Arthur Conan Doyle,James Grant,Mary Elizabeth Braddon,Mark Twain,Bret Harte,Jack London,Louisa May Alcott,Henry Rider Haggard,Wilkie Collins,H.G. Wells,Oliver Optic,Nathaniel Hawthorne,Joseph Conrad,Fergus Hume,Anthony Trollope,John Kendrick Bangs"
18,44,"[260, 30, 73, 1057, 593, 324, 102, 1177, 120, 1321, 963, 98, 979, 2957, 28, 125, 69, 365]","Oliver Optic,H.G. Wells,Frances Hodgson Burnett,Fergus Hume,Bret Harte,Anthony Trollope,Louisa May Alcott,Mrs Henry Wood,Jack London,Marie Corelli,Margaret Oliphant,Wilkie Collins,John Kendrick Bangs,Mary Elizabeth Braddon,Nathaniel Hawthorne,Joseph Conrad,Arthur Conan Doyle,Henry Rider Haggard"
18,45,"[120, 30, 593, 1321, 98, 979, 1177, 69, 260, 125, 8949, 963, 365, 73, 1057, 53, 2957, 324]","Jack London,H.G. Wells,Bret Harte,Marie Corelli,Wilkie Collins,John Kendrick Bangs,Mrs Henry Wood,Arthur Conan Doyle,Oliver Optic,Joseph Conrad,James Grant,Margaret Oliphant,Henry Rider Haggard,Frances Hodgson Burnett,Fergus Hume,Mark Twain,Mary Elizabeth Braddon,Anthony Trollope"
18,46,"[1057, 102, 28, 98, 69, 593, 260, 365, 73, 979, 1177, 8949, 125, 963, 2957, 324, 1321, 53]","Fergus Hume,Louisa May Alcott,Nathaniel Hawthorne,Wilkie Collins,Arthur Conan Doyle,Bret Harte,Oliver Optic,Henry Rider Haggard,Frances Hodgson Burnett,John Kendrick Bangs,Mrs Henry Wood,James Grant,Joseph Conrad,Margaret Oliphant,Mary Elizabeth Braddon,Anthony Trollope,Marie Corelli,Mark Twain"
18,47,"[53, 260, 69, 2957, 73, 1057, 120, 125, 102, 593, 1321, 979, 30, 365, 324, 8949, 1177, 963]","Mark Twain,Oliver Optic,Arthur Conan Doyle,Mary Elizabeth Braddon,Frances Hodgson Burnett,Fergus Hume,Jack London,Joseph Conrad,Louisa May Alcott,Bret Harte,Marie Corelli,John Kendrick Bangs,H.G. Wells,Henry Rider Haggard,Anthony Trollope,James Grant,Mrs Henry Wood,Margaret Oliphant"
18,48,"[1057, 324, 73, 53, 120, 30, 365, 1177, 98, 260, 963, 593, 1321, 8949, 102, 28, 69, 2957]","Fergus Hume,Anthony Trollope,Frances Hodgson Burnett,Mark Twain,Jack London,H.G. Wells,Henry Rider Haggard,Mrs Henry Wood,Wilkie Collins,Oliver Optic,Margaret Oliphant,Bret Harte,Marie Corelli,James Grant,Louisa May Alcott,Nathaniel Hawthorne,Arthur Conan Doyle,Mary Elizabeth Braddon"
18,49,"[120, 1057, 979, 260, 365, 73, 1321, 8949, 593, 2957, 98, 324, 963, 30, 1177, 69, 28, 53]","Jack London,Fergus Hume,John Kendrick Bangs,Oliver Optic,Henry Rider Haggard,Frances Hodgson Burnett,Marie Corelli,James Grant,Bret Harte,Mary Elizabeth Braddon,Wilkie Collins,Anthony Trollope,Margaret Oliphant,H.G. Wells,Mrs Henry Wood,Arthur Conan Doyle,Nathaniel Hawthorne,Mark Twain"
18,50,"[979, 593, 1321, 8949, 365, 1177, 28, 2957, 1057, 120, 324, 963, 53, 73, 98, 30, 69, 260]","John Kendrick Bangs,Bret Harte,Marie Corelli,James Grant,Henry Rider Haggard,Mrs Henry Wood,Nathaniel Hawthorne,Mary Elizabeth Braddon,Fergus Hume,Jack London,Anthony Trollope,Margaret Oliphant,Mark Twain,Frances Hodgson Burnett,Wilkie Collins,H.G. Wells,Arthur Conan Doyle,Oliver Optic"
